_id,Date and time (YYYY-MM-DD HH:MM:SS),Temperature (Degree Celcius),Global irradiance (W/m^2),Humidity (%),Atmospheric pressure (hPa; not normalized to sea level),Precipitation (mm),Average wind speed (km/h; 10min window),Wind direction (Degree),Dew point (Degree Celcius),Apparent temperature (Degree Celcius),Maximum wind speed (km/h; 10min window)
1,2017-12-01T00:05:00,1.70,-0.48,87.77,993.14,0.0000,3.22,227,-0.11,1.70,4.54
2,2017-12-01T00:15:00,1.66,-0.52,88.24,993.14,0.0000,1.64,239,-0.07,1.66,3.60
3,2017-12-01T00:25:00,1.62,-0.38,88.49,993.08,0.0000,2.84,233,-0.08,1.62,3.67
4,2017-12-01T00:35:00,1.60,-0.44,88.76,993.08,0.0000,3.12,230,-0.05,1.60,5.04
5,2017-12-01T00:45:00,1.58,-0.45,89.07,993.02,0.0000,4.48,202,-0.02,1.58,7.67
6,2017-12-01T00:55:00,1.34,-0.52,90.06,993.02,0.0000,6.29,217,-0.11,-0.59,9.39
7,2017-12-01T01:05:00,1.20,-0.54,91.49,993.04,0.0000,5.26,236,-0.04,-0.35,7.61
8,2017-12-01T01:15:00,0.97,-0.54,92.12,993.14,0.0000,6.08,233,-0.16,-0.94,9.48
9,2017-12-01T01:25:00,1.01,-0.52,92.47,993.18,0.0000,4.03,239,-0.07,1.01,7.99
10,2017-12-01T01:35:00,1.06,-0.52,92.06,993.21,0.0000,4.00,209,-0.09,1.06,6.90
11,2017-12-01T01:45:00,1.01,-0.52,92.25,993.25,0.0000,6.80,184,-0.11,-1.16,9.16
12,2017-12-01T01:55:00,0.88,-0.49,92.80,993.25,0.0000,6.70,186,-0.16,-1.28,9.69
13,2017-12-01T02:05:00,0.75,-0.52,93.08,993.40,0.0000,8.99,199,-0.24,-2.15,14.47
14,2017-12-01T02:15:00,0.73,-0.58,93.22,993.45,0.0000,6.54,196,-0.24,-1.39,9.19
15,2017-12-01T02:25:00,0.68,-0.54,93.30,993.59,0.0700,4.18,221,-0.28,0.68,6.07
16,2017-12-01T02:35:00,0.67,-0.54,93.47,993.72,0.1600,3.27,208,-0.26,0.67,6.45
17,2017-12-01T02:45:00,0.46,-0.52,93.67,993.72,0.1400,5.88,197,-0.44,-1.44,7.58
18,2017-12-01T02:55:00,0.38,-0.53,93.87,993.80,0.2100,5.05,223,-0.49,-1.18,8.05
19,2017-12-01T03:05:00,0.32,-0.53,94.10,993.87,0.1950,6.28,221,-0.52,-1.77,8.17
20,2017-12-01T03:15:00,0.73,-0.52,94.29,993.87,0.1650,5.21,235,-0.08,-0.85,9.24
21,2017-12-01T03:25:00,0.26,-0.58,94.42,993.96,0.0700,5.20,224,-0.53,-1.39,6.85
22,2017-12-01T03:35:00,0.62,-0.55,94.52,993.98,0.0350,4.85,232,-0.16,0.62,6.75
23,2017-12-01T03:45:00,0.48,-0.54,94.56,994.14,0.0300,3.97,227,-0.29,0.48,5.65
24,2017-12-01T03:55:00,0.46,-0.52,94.58,994.20,0.0350,4.32,238,-0.31,0.46,7.00
25,2017-12-01T04:05:00,0.38,-0.49,94.62,994.22,0.0450,6.32,232,-0.38,-1.71,9.27
26,2017-12-01T04:15:00,0.27,-0.50,94.64,994.32,0.0300,6.31,225,-0.48,-1.83,8.87
27,2017-12-01T04:25:00,0.33,-0.55,94.64,994.44,0.0000,6.15,226,-0.42,-1.70,9.45
28,2017-12-01T04:35:00,0.42,-0.54,94.63,994.52,0.0000,5.63,216,-0.34,-1.40,8.42
29,2017-12-01T04:45:00,0.47,-0.55,94.58,994.57,0.0000,6.23,227,-0.29,-1.57,8.94
30,2017-12-01T04:55:00,0.51,-0.53,94.53,994.69,0.0000,5.18,241,-0.27,-1.09,7.83
31,2017-12-01T05:05:00,0.67,-0.59,94.48,994.71,0.0000,4.19,216,-0.12,0.67,6.56
32,2017-12-01T05:15:00,0.61,-0.55,94.42,994.83,0.0000,2.77,222,-0.18,0.61,4.21
33,2017-12-01T05:25:00,0.62,-0.55,94.33,994.90,0.0000,5.02,218,-0.18,-0.89,7.40
34,2017-12-01T05:35:00,0.57,-0.54,94.32,994.94,0.0000,4.18,210,-0.23,0.57,6.88
35,2017-12-01T05:45:00,0.58,-0.54,94.29,995.06,0.0000,6.55,192,-0.23,-1.57,8.35
36,2017-12-01T05:55:00,0.53,-0.55,94.21,995.15,0.0100,4.80,218,-0.29,0.53,6.16
37,2017-12-01T06:05:00,0.58,-0.54,94.20,995.17,0.0650,5.44,213,-0.24,-1.12,7.93
38,2017-12-01T06:15:00,0.38,-0.56,94.22,995.32,0.0400,3.92,218,-0.44,0.38,5.37
39,2017-12-01T06:25:00,0.42,-0.53,94.26,995.42,0.0700,4.54,214,-0.39,0.42,7.47
40,2017-12-01T06:35:00,0.38,-0.52,94.32,995.55,0.0550,5.12,204,-0.42,-1.21,8.93
41,2017-12-01T06:45:00,0.49,-0.55,94.34,995.65,0.0400,3.52,210,-0.31,0.49,4.92
42,2017-12-01T06:55:00,0.46,-0.53,94.35,995.80,0.0350,4.80,203,-0.34,0.46,6.89
43,2017-12-01T07:05:00,0.59,-0.58,94.34,995.92,0.0600,4.52,208,-0.22,0.59,6.05
44,2017-12-01T07:15:00,0.60,-0.51,94.34,996.02,0.0650,3.47,213,-0.20,0.60,5.09
45,2017-12-01T07:25:00,0.44,-0.53,94.31,996.06,0.0450,4.47,212,-0.37,0.44,6.55
46,2017-12-01T07:35:00,0.57,-0.45,94.25,996.15,0.0300,2.44,224,-0.25,0.57,5.13
47,2017-12-01T07:45:00,0.67,-0.31,94.16,996.30,0.0350,3.62,186,-0.16,0.67,4.36
48,2017-12-01T07:55:00,0.71,0.49,94.04,996.40,0.0300,1.73,157,-0.14,0.71,2.90
49,2017-12-01T08:05:00,0.65,2.02,93.92,996.55,0.0100,2.12,224,-0.21,0.65,3.68
50,2017-12-01T08:15:00,0.65,5.49,93.84,996.75,0.0050,1.94,229,-0.22,0.65,4.04
51,2017-12-01T08:25:00,0.89,13.97,93.76,996.84,0.0050,1.55,195,0.00,0.89,2.97
52,2017-12-01T08:35:00,1.04,11.35,93.51,997.09,0.0000,0.89,46,0.11,1.04,1.56
53,2017-12-01T08:38:00,1.05,11.40,93.41,997.15,0.0000,1.12,67,0.11,1.05,2.75
54,2017-12-01T08:55:00,1.04,18.46,93.08,997.31,0.0000,1.82,82,0.05,1.04,3.60
55,2017-12-01T09:05:00,1.02,19.29,93.09,997.40,0.0050,2.25,64,0.03,1.02,3.61
56,2017-12-01T09:15:00,0.94,20.64,92.96,997.62,0.0050,2.84,62,-0.07,0.94,4.90
57,2017-12-01T09:25:00,1.01,68.27,92.95,997.79,0.0050,1.75,94,0.00,1.01,3.30
58,2017-12-01T09:35:00,1.18,62.59,93.03,997.91,0.0050,2.52,56,0.18,1.18,4.42
59,2017-12-01T09:45:00,1.37,30.82,92.62,998.05,0.0050,1.86,45,0.31,1.37,4.28
60,2017-12-01T09:55:00,1.36,55.74,92.06,998.15,0.0000,3.09,172,0.21,1.36,5.10
61,2017-12-01T10:05:00,1.35,53.53,91.35,998.39,0.0000,2.99,220,0.09,1.35,4.51
62,2017-12-01T10:15:00,1.32,49.44,91.26,998.49,0.0000,3.21,184,0.05,1.32,5.06
63,2017-12-01T10:25:00,1.30,68.30,91.37,998.59,0.0000,3.64,202,0.05,1.30,5.32
64,2017-12-01T10:35:00,1.55,75.26,91.57,998.74,0.0000,2.77,220,0.33,1.55,4.52
65,2017-12-01T10:45:00,1.55,55.66,91.04,998.79,0.0000,4.37,218,0.25,1.55,6.04
66,2017-12-01T10:55:00,1.47,92.04,89.61,998.94,0.0000,4.03,217,-0.05,1.47,6.87
67,2017-12-01T11:05:00,1.58,120.67,89.22,999.00,0.0000,3.47,7,0.00,1.58,5.06
68,2017-12-01T11:15:00,1.70,83.37,89.43,999.08,0.0000,2.66,33,0.15,1.70,3.84
69,2017-12-01T11:25:00,1.54,84.24,90.08,999.12,0.0000,4.62,66,0.09,1.54,6.41
70,2017-12-01T11:35:00,1.54,40.98,90.50,999.25,0.0000,3.29,36,0.15,1.54,4.87
71,2017-12-01T11:45:00,1.69,36.91,90.53,999.25,0.0000,3.87,29,0.31,1.69,5.22
72,2017-12-01T11:55:00,1.78,19.34,90.32,999.29,0.0000,5.31,18,0.36,0.30,6.87
73,2017-12-01T12:05:00,1.77,24.59,89.76,999.37,0.0000,6.23,358,0.27,-0.07,8.26
74,2017-12-01T12:15:00,1.72,50.12,89.90,999.36,0.3700,5.46,4,0.24,0.16,6.60
75,2017-12-01T12:25:00,1.51,60.74,89.86,999.38,0.4000,6.33,5,0.03,-0.41,7.69
76,2017-12-01T12:35:00,1.27,86.07,90.64,999.40,0.3600,5.42,343,-0.09,-0.33,7.27
77,2017-12-01T12:45:00,1.29,119.22,91.25,999.42,0.1650,4.12,346,0.02,1.29,5.72
78,2017-12-01T12:55:00,1.30,178.95,91.08,999.59,0.1050,5.13,14,0.00,-0.18,8.12
79,2017-12-01T13:05:00,1.55,291.44,90.61,999.59,0.0250,4.33,17,0.18,1.55,5.37
80,2017-12-01T13:15:00,1.93,288.35,89.66,999.68,0.0050,3.09,19,0.41,1.93,5.50
81,2017-12-01T13:25:00,2.33,145.26,87.64,999.74,0.0000,6.16,2,0.49,0.59,8.24
82,2017-12-01T13:35:00,1.95,132.35,86.91,999.81,0.0000,5.06,343,0.00,0.59,7.15
83,2017-12-01T13:45:00,1.93,201.98,86.31,999.89,0.0000,3.90,329,-0.11,1.93,6.61
84,2017-12-01T13:55:00,1.94,277.09,86.19,999.93,0.0000,3.55,336,-0.12,1.94,6.15
85,2017-12-01T14:05:00,2.28,232.19,84.18,1000.01,0.0000,4.71,17,-0.11,2.28,6.18
86,2017-12-01T14:15:00,2.39,230.26,82.33,1000.01,0.0000,4.22,16,-0.31,2.39,5.76
87,2017-12-01T14:25:00,2.42,106.37,83.22,1000.11,0.0000,3.55,358,-0.13,2.42,5.20
88,2017-12-01T14:35:00,2.57,99.07,83.36,1000.14,0.0000,3.38,328,0.04,2.57,6.05
89,2017-12-01T14:45:00,2.57,113.78,84.56,1000.14,0.0000,1.85,325,0.24,2.57,3.24
90,2017-12-01T14:55:00,2.67,117.81,85.06,1000.14,0.0000,4.68,352,0.42,2.67,6.13
91,2017-12-01T15:05:00,2.21,48.56,82.30,1000.27,0.0000,7.68,27,-0.49,-0.05,9.40
92,2017-12-01T15:15:00,2.20,19.65,78.84,1000.38,0.0000,6.41,51,-1.09,0.35,8.68
93,2017-12-01T15:25:00,2.18,19.90,77.99,1000.59,0.0000,6.22,43,-1.26,0.40,7.90
94,2017-12-01T15:35:00,2.22,16.05,85.95,1000.80,0.0000,6.18,32,0.11,0.46,7.84
95,2017-12-01T15:45:00,2.22,17.47,86.49,1000.99,0.0000,6.17,14,0.20,0.46,8.36
96,2017-12-01T15:55:00,2.05,13.92,86.13,1001.11,0.0000,5.56,42,-0.03,0.50,6.97
97,2017-12-01T16:05:00,2.06,10.61,86.98,1001.33,0.0000,6.73,13,0.12,0.08,8.84
98,2017-12-01T16:15:00,1.79,6.08,88.89,1001.46,0.0000,6.85,37,0.15,-0.28,8.29
99,2017-12-01T16:25:00,1.45,3.35,90.53,1001.57,0.0000,8.33,25,0.07,-1.13,10.32
100,2017-12-01T16:35:00,1.46,1.60,91.47,1001.72,0.0000,6.83,20,0.22,-0.65,9.93
101,2017-12-01T16:45:00,1.47,0.40,90.92,1001.81,0.0000,4.61,65,0.15,1.47,7.94
102,2017-12-01T16:55:00,1.30,-0.34,90.87,1001.83,0.0000,5.00,44,-0.02,1.30,7.05
103,2017-12-01T17:05:00,1.18,-0.59,91.22,1001.94,0.0000,6.25,59,-0.09,-0.76,7.74
104,2017-12-01T17:15:00,1.53,-0.60,91.44,1002.06,0.0000,4.33,57,0.29,1.53,6.38
105,2017-12-01T17:25:00,1.46,-0.53,91.52,1002.18,0.0000,5.27,44,0.23,-0.05,6.58
106,2017-12-01T17:35:00,1.33,-0.51,91.16,1002.28,0.0000,6.73,26,0.05,-0.76,8.66
107,2017-12-01T17:45:00,1.38,-0.54,90.50,1002.36,0.0000,5.36,20,0.00,-0.18,8.02
108,2017-12-01T17:55:00,1.32,-0.50,90.56,1002.41,0.0000,4.99,0,-0.06,1.32,7.23
109,2017-12-01T18:05:00,1.26,-0.53,91.06,1002.51,0.0000,6.20,335,-0.04,-0.65,7.35
110,2017-12-01T18:15:00,1.63,-0.48,91.65,1002.66,0.0000,6.03,340,0.42,-0.16,6.81
111,2017-12-01T18:25:00,1.25,-0.58,91.66,1002.80,0.0000,5.36,348,0.04,-0.33,6.45
112,2017-12-01T18:35:00,1.38,-0.50,91.74,1002.89,0.0000,3.93,348,0.18,1.38,6.96
113,2017-12-01T18:45:00,1.35,-0.56,91.54,1002.89,0.0000,4.15,358,0.13,1.35,5.88
114,2017-12-01T18:55:00,1.29,-0.56,91.75,1003.01,0.0000,5.81,359,0.10,-0.46,6.96
115,2017-12-01T19:05:00,1.28,-0.53,91.99,1003.12,0.0000,5.13,16,0.12,-0.20,8.02
116,2017-12-01T19:15:00,1.20,-0.55,92.05,1003.16,0.0000,4.41,15,0.06,1.20,6.85
117,2017-12-01T19:25:00,1.14,-0.58,92.07,1003.23,0.0000,5.33,37,-0.01,-0.44,7.42
118,2017-12-01T19:35:00,1.15,-0.50,92.55,1003.37,0.0000,3.43,35,0.08,1.15,7.22
119,2017-12-01T19:45:00,1.23,-0.56,92.42,1003.43,0.0000,4.35,57,0.13,1.23,6.12
120,2017-12-01T19:55:00,1.23,-0.54,92.43,1003.48,0.0000,3.20,53,0.14,1.23,5.33
121,2017-12-01T20:05:00,1.26,-0.54,92.42,1003.72,0.0000,3.74,78,0.17,1.26,6.25
122,2017-12-01T20:15:00,1.32,-0.53,91.91,1003.75,0.0000,4.42,88,0.15,1.32,6.98
123,2017-12-01T20:25:00,1.30,-0.51,91.48,1003.87,0.0000,3.99,62,0.06,1.30,5.80
124,2017-12-01T20:35:00,1.19,-0.55,90.92,1003.99,0.0000,6.62,91,-0.13,-0.89,8.85
125,2017-12-01T20:45:00,1.25,-0.55,91.04,1004.12,0.0000,5.02,88,-0.05,-0.18,7.70
126,2017-12-01T20:55:00,1.19,-0.59,90.98,1004.11,0.0000,2.90,76,-0.12,1.19,3.52
127,2017-12-01T21:05:00,1.22,-0.60,90.81,1004.23,0.0000,4.58,74,-0.12,1.22,6.78
128,2017-12-01T21:15:00,1.19,-0.64,90.28,1004.25,0.0000,3.78,53,-0.23,1.19,6.76
129,2017-12-01T21:25:00,1.26,-0.56,90.20,1004.33,0.0000,3.05,58,-0.16,1.26,4.78
130,2017-12-01T21:35:00,1.00,-0.59,90.39,1004.38,0.0000,4.71,46,-0.39,1.00,6.74
131,2017-12-01T21:45:00,1.03,-0.67,90.89,1004.46,0.0000,3.75,72,-0.29,1.03,5.06
132,2017-12-01T21:55:00,1.05,-0.48,91.04,1004.63,0.0000,3.97,60,-0.24,1.05,5.40
133,2017-12-01T22:05:00,0.94,-0.52,90.75,1004.78,0.0000,2.55,51,-0.40,0.94,4.25
134,2017-12-01T22:15:00,0.92,-0.64,90.63,1004.86,0.0000,2.33,44,-0.44,0.92,3.89
135,2017-12-01T22:25:00,0.86,-0.59,90.53,1004.98,0.0000,4.54,83,-0.51,0.86,6.51
136,2017-12-01T22:35:00,0.86,-0.60,90.47,1005.02,0.0000,5.04,80,-0.52,-0.63,6.45
137,2017-12-01T22:45:00,0.85,-0.50,90.27,1005.14,0.0000,4.52,65,-0.56,0.85,7.39
138,2017-12-01T22:55:00,0.90,-0.53,89.54,1005.22,0.0000,3.51,59,-0.62,0.90,6.58
139,2017-12-01T23:05:00,0.95,-0.58,88.60,1005.22,0.0000,4.92,42,-0.72,0.95,6.90
140,2017-12-01T23:15:00,0.88,-0.55,88.87,1005.41,0.0000,6.29,33,-0.75,-1.12,8.80
141,2017-12-01T23:25:00,0.81,-0.58,89.48,1005.45,0.0000,5.46,26,-0.72,-0.87,7.48
142,2017-12-01T23:35:00,0.88,-0.58,89.53,1005.60,0.0000,4.79,21,-0.65,0.88,5.72
143,2017-12-01T23:45:00,0.75,-0.56,89.33,1005.72,0.0000,8.06,35,-0.80,-1.87,10.04
144,2017-12-01T23:55:00,0.68,-0.55,90.07,1005.84,0.0000,7.24,7,-0.76,-1.69,9.30
145,2017-12-02T00:05:00,0.96,-0.55,90.86,1005.86,0.0000,8.03,8,-0.36,-1.62,10.29
146,2017-12-02T00:15:00,0.27,-0.58,91.17,1005.87,0.0000,8.17,10,-1.00,-2.47,9.77
147,2017-12-02T00:25:00,0.62,-0.55,90.90,1005.87,0.0000,5.60,3,-0.70,-1.16,6.67
148,2017-12-02T00:35:00,0.43,-0.56,90.52,1005.87,0.0000,5.36,40,-0.94,-1.26,7.05
149,2017-12-02T00:45:00,0.52,-0.55,90.40,1005.95,0.0000,7.02,41,-0.87,-1.81,10.18
150,2017-12-02T00:55:00,0.53,-0.53,90.49,1005.97,0.0000,6.90,16,-0.85,-1.75,9.93
151,2017-12-02T01:05:00,0.19,-0.56,90.65,1006.08,0.0000,8.59,359,-1.15,-2.69,10.65
152,2017-12-02T01:15:00,0.04,-0.53,91.55,1006.19,0.0000,6.63,12,-1.17,-2.22,9.12
153,2017-12-02T01:25:00,0.25,-0.59,90.76,1006.19,0.0000,5.93,44,-1.08,-1.71,9.18
154,2017-12-02T01:35:00,0.16,-0.60,90.67,1006.25,0.0000,9.13,40,-1.18,-2.88,11.06
155,2017-12-02T01:45:00,0.38,-0.53,90.78,1006.30,0.0000,6.22,4,-0.95,-1.68,8.97
156,2017-12-02T01:55:00,0.29,-0.53,91.33,1006.44,0.0000,5.51,356,-0.95,-1.49,7.19
157,2017-12-02T02:05:00,0.26,-0.58,91.46,1006.54,0.0000,6.07,14,-0.96,-1.75,7.94
158,2017-12-02T02:15:00,0.28,-0.56,90.86,1006.58,0.0000,6.98,32,-1.03,-2.07,10.10
159,2017-12-02T02:25:00,0.34,-0.53,90.61,1006.73,0.0000,6.84,19,-1.01,-1.95,10.38
160,2017-12-02T02:35:00,0.41,-0.55,90.14,1006.81,0.0000,5.82,12,-1.02,-1.49,9.16
161,2017-12-02T02:45:00,0.33,-0.60,89.82,1006.89,0.0000,6.36,27,-1.14,-1.78,8.68
162,2017-12-02T02:55:00,0.25,-0.55,89.72,1007.02,0.0000,7.63,3,-1.24,-2.33,10.24
163,2017-12-02T03:05:00,0.10,-0.53,90.32,1007.05,0.0000,7.95,11,-1.30,-2.61,10.79
164,2017-12-02T03:15:00,0.12,-0.53,91.15,1007.09,0.0000,7.22,13,-1.15,-2.34,9.22
165,2017-12-02T03:25:00,-0.20,-0.52,91.26,1007.13,0.0000,7.87,18,-1.45,-2.93,11.37
166,2017-12-02T03:35:00,-0.03,-0.60,91.02,1007.13,0.0000,10.08,34,-1.32,-3.37,11.18
167,2017-12-02T03:45:00,0.06,-0.59,90.67,1007.24,0.0000,9.18,37,-1.29,-3.03,11.70
168,2017-12-02T03:55:00,-0.13,-0.69,90.74,1007.22,0.0000,7.34,37,-1.46,-2.68,8.85
169,2017-12-02T04:05:00,-0.14,-0.63,90.85,1007.33,0.0000,6.73,43,-1.45,-2.46,8.25
170,2017-12-02T04:15:00,-0.25,-0.58,90.80,1007.42,0.0000,6.99,35,-1.57,-2.69,11.16
171,2017-12-02T04:25:00,-0.52,-0.29,90.61,1007.54,0.0000,10.20,32,-1.87,-3.99,13.10
172,2017-12-02T04:35:00,-0.23,-0.61,90.48,1007.61,0.0000,8.38,38,-1.60,-3.13,9.96
173,2017-12-02T04:45:00,-0.67,-0.65,90.40,1007.80,0.0000,5.01,60,-2.05,-2.36,8.73
174,2017-12-02T04:55:00,-0.47,-0.62,90.72,1007.80,0.0000,3.12,92,-1.80,-0.47,4.90
175,2017-12-02T05:05:00,0.54,-0.64,90.93,1007.88,0.0000,3.43,78,-0.77,0.54,4.93
176,2017-12-02T05:15:00,0.32,-0.54,91.24,1008.22,0.0000,2.95,77,-0.93,0.32,4.47
177,2017-12-02T05:25:00,-0.38,-0.50,90.77,1008.00,0.0000,5.00,9,-1.70,-0.38,6.04
178,2017-12-02T05:35:00,-0.91,-0.70,90.60,1008.21,0.0000,4.59,40,-2.25,-0.91,6.52
179,2017-12-02T05:45:00,-0.26,-0.58,90.85,1008.25,0.0000,5.90,42,-1.58,-2.29,8.05
180,2017-12-02T05:55:00,-1.09,-0.55,90.98,1008.34,0.0000,7.78,6,-2.37,-3.94,9.71
181,2017-12-02T06:05:00,-1.12,-0.54,91.62,1008.34,0.0000,7.69,350,-2.31,-3.95,11.60
182,2017-12-02T06:15:00,-1.27,-0.55,91.68,1008.44,0.0000,9.02,9,-2.44,-4.55,10.78
183,2017-12-02T06:25:00,-1.27,-0.56,91.64,1008.45,0.0000,6.94,15,-2.46,-3.86,8.99
184,2017-12-02T06:35:00,-1.40,-0.62,91.74,1008.46,0.0000,7.40,48,-2.56,-4.17,12.08
185,2017-12-02T06:45:00,-1.38,-0.60,91.85,1008.72,0.0000,6.00,73,-2.54,-3.62,7.09
186,2017-12-02T06:55:00,-1.38,-0.52,91.89,1009.09,0.0000,3.82,96,-2.53,-1.38,5.97
187,2017-12-02T07:05:00,-1.33,-0.56,91.71,1009.16,0.0000,3.92,96,-2.51,-1.33,4.89
188,2017-12-02T07:15:00,-1.13,-0.58,91.57,1009.10,0.0000,3.44,72,-2.33,-1.13,4.81
189,2017-12-02T07:25:00,-0.93,-0.54,90.69,1009.24,0.0000,3.39,82,-2.26,-0.93,5.44
190,2017-12-02T07:35:00,-0.68,-0.43,89.61,1009.20,0.0000,5.61,81,-2.17,-2.64,8.24
191,2017-12-02T07:45:00,-0.82,0.06,88.80,1009.27,0.0000,4.52,58,-2.44,-0.82,7.67
192,2017-12-02T07:55:00,-0.95,0.72,88.52,1009.42,0.0000,4.19,44,-2.60,-0.95,8.38
193,2017-12-02T08:05:00,-1.20,1.16,89.97,1009.53,0.0000,7.18,59,-2.63,-3.86,9.99
194,2017-12-02T08:15:00,-1.46,3.20,90.32,1009.67,0.0000,8.13,74,-2.83,-4.49,9.57
195,2017-12-02T08:25:00,-1.40,4.92,90.54,1009.71,0.0000,7.52,81,-2.74,-4.22,9.63
196,2017-12-02T08:35:00,-1.33,8.44,90.74,1009.82,0.0000,5.79,93,-2.65,-3.46,9.73
197,2017-12-02T08:38:00,-1.71,10.06,90.64,1009.74,0.0000,5.93,89,-3.04,-3.96,9.73
198,2017-12-02T08:55:00,-1.71,19.39,90.50,1009.74,0.0000,6.84,33,-3.06,-4.34,10.18
199,2017-12-02T09:05:00,1.18,21.07,90.42,1009.91,0.0000,6.37,39,-0.21,-0.80,8.63
200,2017-12-02T09:15:00,-1.29,22.29,89.15,1010.05,0.0000,7.13,36,-2.85,-3.95,9.13
201,2017-12-02T09:25:00,-0.88,28.06,88.39,1009.95,0.0000,6.41,34,-2.55,-3.20,8.34
202,2017-12-02T09:35:00,-0.77,27.58,88.25,1010.11,0.0000,7.43,41,-2.47,-3.45,11.63
203,2017-12-02T09:45:00,-0.88,51.83,88.44,1010.15,0.0000,6.24,43,-2.55,-3.14,8.52
204,2017-12-02T09:55:00,-1.96,42.00,87.83,1010.35,0.0000,9.21,29,-3.71,-5.43,11.54
205,2017-12-02T10:05:00,0.83,43.34,88.16,1010.31,0.0000,8.04,30,-0.90,-1.77,11.93
206,2017-12-02T10:15:00,-1.01,35.44,88.73,1010.46,0.0000,9.22,38,-2.64,-4.31,13.50
207,2017-12-02T10:25:00,-2.18,32.17,87.66,1010.53,0.0000,7.46,49,-3.95,-5.11,10.76
208,2017-12-02T10:35:00,-0.62,42.11,87.00,1010.64,0.0000,5.89,84,-2.51,-2.69,8.59
209,2017-12-02T10:45:00,-0.40,46.39,83.87,1010.84,0.0000,7.49,94,-2.79,-3.03,10.54
210,2017-12-02T10:55:00,0.19,59.45,82.32,1010.82,0.0000,7.46,88,-2.47,-2.34,11.45
211,2017-12-02T11:05:00,-1.35,56.45,81.55,1010.86,0.0000,7.00,88,-4.09,-3.97,10.91
212,2017-12-02T11:15:00,-3.48,54.32,81.20,1010.76,0.0000,5.74,64,-6.23,-5.91,9.54
213,2017-12-02T11:25:00,0.20,70.05,81.56,1010.66,0.0000,7.96,60,-2.57,-2.48,12.38
214,2017-12-02T11:35:00,0.55,98.31,81.25,1010.63,0.0000,6.36,85,-2.28,-1.53,8.10
215,2017-12-02T11:45:00,0.87,76.91,84.34,1010.65,0.0000,7.02,57,-1.47,-1.40,12.60
216,2017-12-02T11:55:00,0.41,109.79,87.48,1010.46,0.0000,8.07,25,-1.42,-2.28,11.20
217,2017-12-02T12:05:00,0.26,91.26,86.75,1010.33,0.0000,10.43,4,-1.68,-3.11,12.26
218,2017-12-02T12:15:00,0.28,73.64,87.30,1010.33,0.0000,9.37,14,-1.58,-2.82,11.14
219,2017-12-02T12:25:00,0.33,105.48,86.24,1010.21,0.0000,9.70,18,-1.70,-2.84,14.57
220,2017-12-02T12:35:00,0.36,89.90,85.99,1010.11,0.0000,9.04,22,-1.71,-2.63,11.64
221,2017-12-02T12:45:00,0.21,110.13,87.57,1010.21,0.0000,9.84,24,-1.61,-3.02,13.19
222,2017-12-02T12:55:00,0.56,80.54,85.29,1010.33,0.0000,9.97,4,-1.63,-2.64,11.78
223,2017-12-02T13:05:00,0.41,55.59,85.98,1010.42,0.0000,11.38,8,-1.66,-3.17,14.90
224,2017-12-02T13:15:00,0.74,56.93,84.11,1010.46,0.0000,9.98,8,-1.64,-2.43,12.03
225,2017-12-02T13:25:00,0.75,74.92,83.67,1010.33,0.0000,8.23,11,-1.69,-1.93,11.06
226,2017-12-02T13:35:00,0.88,71.00,83.04,1010.23,0.0000,9.15,5,-1.67,-2.04,12.21
227,2017-12-02T13:45:00,0.49,65.42,82.76,1010.10,0.0000,11.39,30,-2.10,-3.07,15.10
228,2017-12-02T13:55:00,0.56,66.63,80.30,1010.06,0.0000,10.31,34,-2.43,-2.72,12.81
229,2017-12-02T14:05:00,0.66,65.81,80.26,1010.15,0.0000,9.47,47,-2.34,-2.38,13.61
230,2017-12-02T14:15:00,0.53,50.86,79.51,1010.27,0.0000,9.90,41,-2.60,-2.65,12.37
231,2017-12-02T14:25:00,0.68,71.41,80.32,1010.27,0.0000,8.01,48,-2.32,-1.94,11.77
232,2017-12-02T14:35:00,0.63,51.00,78.94,1010.46,0.0000,8.77,27,-2.59,-2.22,14.66
233,2017-12-02T14:45:00,0.71,43.50,79.24,1010.42,0.0000,8.83,30,-2.47,-2.15,11.86
234,2017-12-02T14:55:00,0.68,55.52,77.76,1010.46,0.0000,9.52,29,-2.76,-2.38,13.28
235,2017-12-02T15:05:00,0.58,53.40,77.48,1010.46,0.0000,9.81,31,-2.90,-2.57,11.73
236,2017-12-02T15:15:00,0.84,42.94,82.00,1010.48,0.0000,8.99,20,-1.88,-2.04,11.44
237,2017-12-02T15:25:00,0.71,58.79,82.89,1010.57,0.0000,9.04,8,-1.86,-2.21,10.84
238,2017-12-02T15:35:00,0.48,34.23,80.98,1010.58,0.0000,9.01,33,-2.40,-2.47,12.27
239,2017-12-02T15:45:00,0.66,29.82,80.71,1010.69,0.0000,7.98,23,-2.27,-1.96,9.40
240,2017-12-02T15:55:00,0.68,20.90,82.30,1010.69,0.0000,10.05,6,-1.99,-2.52,13.37
241,2017-12-02T16:05:00,0.32,13.04,84.84,1010.81,0.0000,10.72,9,-1.93,-3.12,12.30
242,2017-12-02T16:15:00,0.41,6.49,85.75,1010.93,0.0000,8.20,358,-1.69,-2.32,10.47
243,2017-12-02T16:25:00,0.15,3.37,85.87,1010.93,0.0000,8.92,8,-1.93,-2.84,12.40
244,2017-12-02T16:35:00,0.05,1.65,84.97,1010.93,0.0000,10.17,7,-2.17,-3.30,12.84
245,2017-12-02T16:45:00,0.25,0.47,83.94,1010.89,0.0000,7.72,9,-2.14,-2.36,10.06
246,2017-12-02T16:55:00,0.17,-0.29,83.64,1010.91,0.0000,9.26,15,-2.27,-2.91,11.44
247,2017-12-02T17:05:00,0.41,-0.59,82.59,1010.91,0.0000,9.94,30,-2.20,-2.81,12.18
248,2017-12-02T17:15:00,-0.44,-0.61,80.41,1010.91,0.0000,12.29,34,-3.40,-4.41,16.46
249,2017-12-02T17:25:00,-2.19,-0.63,79.66,1011.08,0.0000,10.47,30,-5.23,-6.06,14.44
250,2017-12-02T17:35:00,-0.12,-0.63,79.63,1011.10,0.0000,7.57,30,-3.21,-2.73,11.83
251,2017-12-02T17:45:00,-1.02,-0.63,79.15,1011.12,0.0000,7.37,32,-4.17,-3.72,13.30
252,2017-12-02T17:55:00,0.46,-0.61,79.80,1011.27,0.0000,7.54,38,-2.62,-2.06,13.34
253,2017-12-02T18:05:00,-0.46,-0.58,79.60,1010.95,0.0000,6.39,34,-3.54,-2.71,9.52
254,2017-12-02T18:15:00,-0.44,-0.62,80.27,1011.27,0.0000,10.21,31,-3.41,-3.89,13.16
255,2017-12-02T18:25:00,-0.03,-0.59,81.03,1011.32,0.0000,7.22,31,-2.89,-2.51,9.51
256,2017-12-02T18:35:00,-0.03,-0.63,82.09,1011.31,0.0000,7.70,14,-2.72,-2.68,10.60
257,2017-12-02T18:45:00,0.03,-0.64,81.83,1011.36,0.0000,8.80,17,-2.70,-2.95,13.24
258,2017-12-02T18:55:00,-0.73,-0.63,82.07,1011.61,0.0000,9.37,11,-3.40,-4.01,12.49
259,2017-12-02T19:05:00,-0.12,-0.61,82.50,1011.69,0.0000,9.52,18,-2.73,-3.32,12.90
260,2017-12-02T19:15:00,-0.53,-0.59,82.37,1011.75,0.0000,9.31,22,-3.16,-3.76,10.90
261,2017-12-02T19:25:00,0.11,-0.59,81.83,1011.85,0.0000,9.71,25,-2.62,-3.11,14.40
262,2017-12-02T19:35:00,-0.02,-0.62,81.76,1011.85,0.0000,10.02,30,-2.76,-3.34,14.46
263,2017-12-02T19:45:00,2.08,-0.62,81.58,1011.81,0.0000,9.82,18,-0.73,-0.78,13.36
264,2017-12-02T19:55:00,0.62,-0.55,82.61,1011.95,0.0000,9.21,18,-1.99,-2.36,12.14
265,2017-12-02T20:05:00,0.16,-0.60,82.43,1012.07,0.0000,9.34,32,-2.47,-2.94,12.40
266,2017-12-02T20:15:00,-0.68,-0.62,82.28,1012.07,0.0000,9.98,36,-3.32,-4.12,11.77
267,2017-12-02T20:25:00,0.23,-0.59,82.30,1012.23,0.0000,9.47,37,-2.43,-2.90,12.00
268,2017-12-02T20:35:00,0.30,-0.59,82.44,1012.26,0.0000,7.98,24,-2.33,-2.38,10.06
269,2017-12-02T20:45:00,-0.23,-0.62,82.05,1012.26,0.0000,8.39,29,-2.92,-3.13,10.83
270,2017-12-02T20:55:00,-0.19,-0.63,81.80,1012.22,0.0000,6.38,37,-2.92,-2.39,8.77
271,2017-12-02T21:05:00,-0.03,-0.62,81.44,1012.31,0.0000,9.81,44,-2.82,-3.30,12.98
272,2017-12-02T21:15:00,-0.12,-0.59,81.35,1012.37,0.0000,9.01,32,-2.93,-3.19,12.84
273,2017-12-02T21:25:00,0.09,-0.61,81.75,1012.30,0.0000,10.05,39,-2.66,-3.22,13.22
274,2017-12-02T21:35:00,-0.42,-0.64,83.33,1012.44,0.0000,8.43,19,-2.90,-3.37,14.19
275,2017-12-02T21:45:00,0.03,-0.56,83.79,1012.26,0.0000,7.12,21,-2.38,-2.41,9.96
276,2017-12-02T21:55:00,-0.43,-0.63,83.39,1012.21,0.0000,7.91,35,-2.89,-3.21,10.90
277,2017-12-02T22:05:00,-0.40,-0.62,83.66,1012.15,0.0000,6.48,43,-2.82,-2.67,9.39
278,2017-12-02T22:15:00,-0.23,-0.60,82.66,1012.11,0.0000,8.82,36,-2.82,-3.26,14.49
279,2017-12-02T22:25:00,-0.33,-0.63,82.67,1012.03,0.0000,7.54,36,-2.91,-2.97,10.33
280,2017-12-02T22:35:00,-0.44,-0.59,81.98,1012.15,0.0000,5.54,43,-3.14,-2.34,9.47
281,2017-12-02T22:45:00,-0.41,-0.61,82.75,1012.15,0.0000,7.69,27,-2.98,-3.12,11.18
282,2017-12-02T22:55:00,-0.47,-0.62,82.83,1012.20,0.0000,5.95,29,-3.02,-2.54,7.44
283,2017-12-02T23:05:00,-0.31,-0.61,83.36,1012.24,0.0000,6.27,23,-2.79,-2.49,9.02
284,2017-12-02T23:15:00,-0.47,-0.58,83.24,1012.18,0.0000,8.31,1,-2.96,-3.39,12.06
285,2017-12-02T23:25:00,-0.51,-0.61,83.05,1012.10,0.0000,5.96,20,-3.02,-2.59,7.94
286,2017-12-02T23:35:00,-0.59,-0.60,83.13,1011.99,0.0000,7.64,34,-3.10,-3.32,10.09
287,2017-12-02T23:45:00,-0.27,-0.56,83.12,1012.01,0.0000,8.23,24,-2.78,-3.12,11.44
288,2017-12-02T23:55:00,-0.71,-0.59,82.75,1012.11,0.0000,7.50,23,-3.27,-3.40,9.47
289,2017-12-03T00:05:00,-1.33,-0.61,81.53,1012.10,0.0000,10.36,20,-4.07,-5.00,15.25
290,2017-12-03T00:15:00,-0.34,-0.63,81.57,1012.12,0.0000,10.37,35,-3.11,-3.82,15.30
291,2017-12-03T00:25:00,-0.78,-0.58,81.16,1012.16,0.0000,5.52,27,-3.60,-2.72,8.18
292,2017-12-03T00:35:00,-0.60,-0.60,81.05,1012.14,0.0000,7.00,44,-3.44,-3.10,10.08
293,2017-12-03T00:45:00,-0.10,-0.59,81.41,1012.08,0.0000,8.75,33,-2.90,-3.09,12.40
294,2017-12-03T00:55:00,-1.91,-0.60,81.60,1011.95,0.0000,7.36,51,-4.63,-4.76,9.61
295,2017-12-03T01:05:00,-0.87,-0.60,82.22,1012.01,0.0000,7.76,43,-3.52,-3.68,10.78
296,2017-12-03T01:15:00,-0.71,-0.60,82.32,1011.91,0.0000,5.27,57,-3.34,-2.52,8.90
297,2017-12-03T01:25:00,-0.69,-0.61,82.81,1011.87,0.0000,5.57,25,-3.24,-2.63,8.03
298,2017-12-03T01:35:00,-0.81,-0.61,83.07,1011.89,0.0000,6.46,29,-3.32,-3.14,8.14
299,2017-12-03T01:45:00,-0.78,-0.60,82.76,1011.80,0.0000,6.58,44,-3.34,-3.16,9.57
300,2017-12-03T01:55:00,-0.66,-0.62,83.04,1011.83,0.0000,5.76,39,-3.18,-2.68,7.85
301,2017-12-03T02:05:00,-0.85,-0.60,83.36,1011.79,0.0000,7.08,44,-3.31,-3.42,10.16
302,2017-12-03T02:15:00,-0.68,-0.60,83.60,1011.72,0.0000,4.87,40,-3.10,-0.68,8.36
303,2017-12-03T02:25:00,-0.67,-0.63,82.78,1011.71,0.0000,5.42,17,-3.23,-2.54,9.95
304,2017-12-03T02:35:00,-0.74,-0.60,83.58,1011.95,0.0000,6.25,26,-3.17,-2.98,9.65
305,2017-12-03T02:45:00,-0.82,-0.59,83.39,1012.01,0.0000,4.69,38,-3.28,-0.82,7.64
306,2017-12-03T02:55:00,-0.92,-0.61,83.10,1011.97,0.0000,4.83,50,-3.42,-0.92,7.12
307,2017-12-03T03:05:00,-0.51,-0.61,83.15,1012.05,0.0000,5.48,22,-3.01,-2.38,7.10
308,2017-12-03T03:15:00,-0.65,-0.62,83.28,1012.07,0.0000,7.44,35,-3.13,-3.31,9.48
309,2017-12-03T03:25:00,-0.56,-0.63,83.38,1012.07,0.0000,6.63,38,-3.02,-2.91,9.44
310,2017-12-03T03:35:00,-0.71,-0.61,84.31,1011.97,0.0000,6.60,26,-3.03,-3.09,8.70
311,2017-12-03T03:45:00,-0.69,-0.59,83.08,1012.18,0.0000,6.12,359,-3.20,-2.87,9.54
312,2017-12-03T03:55:00,-0.68,-0.61,84.13,1011.97,0.0000,7.65,2,-3.02,-3.42,9.89
313,2017-12-03T04:05:00,-0.94,-0.61,83.89,1012.07,0.0000,5.86,10,-3.31,-3.04,6.82
314,2017-12-03T04:15:00,-0.47,-0.61,84.35,1012.11,0.0000,4.68,16,-2.79,-0.47,7.43
315,2017-12-03T04:25:00,-0.71,-0.58,83.85,1012.11,0.0000,5.28,0,-3.10,-2.53,6.84
316,2017-12-03T04:35:00,-0.71,-0.61,84.15,1012.07,0.0000,4.58,24,-3.05,-0.71,7.13
317,2017-12-03T04:45:00,-0.76,-0.59,84.30,1012.17,0.0000,4.93,24,-3.08,-0.76,8.10
318,2017-12-03T04:55:00,-0.60,-0.58,83.57,1012.01,0.0000,4.10,343,-3.03,-0.60,5.31
319,2017-12-03T05:05:00,-0.51,-0.63,83.55,1012.09,0.0000,2.94,4,-2.94,-0.51,5.31
320,2017-12-03T05:15:00,-0.71,-0.61,83.48,1012.05,0.0000,4.17,358,-3.16,-0.71,5.62
321,2017-12-03T05:25:00,-0.93,-0.64,83.70,1011.99,0.0000,5.72,38,-3.34,-2.98,8.43
322,2017-12-03T05:35:00,-0.77,-0.60,82.73,1012.05,0.0000,5.12,25,-3.34,-2.53,6.57
323,2017-12-03T05:45:00,-0.94,-0.61,83.05,1011.98,0.0000,6.26,39,-3.45,-3.21,8.51
324,2017-12-03T05:55:00,-0.75,-0.60,83.14,1011.91,0.0000,3.49,5,-3.25,-0.75,5.75
325,2017-12-03T06:05:00,-0.72,-0.59,81.89,1011.83,0.0000,1.92,39,-3.43,-0.72,4.60
326,2017-12-03T06:15:00,-0.74,-0.62,82.24,1011.81,0.0000,2.17,34,-3.39,-0.74,4.39
327,2017-12-03T06:25:00,-0.75,-0.59,82.38,1012.01,0.0000,1.55,108,-3.37,-0.75,4.37
328,2017-12-03T06:35:00,-0.68,-0.61,82.47,1012.03,0.0000,2.37,55,-3.29,-0.68,3.90
329,2017-12-03T06:45:00,-0.58,-0.60,82.39,1012.29,0.0000,2.49,353,-3.21,-0.58,3.85
330,2017-12-03T06:55:00,-0.99,-0.60,83.34,1012.47,0.0000,6.20,338,-3.45,-3.24,8.68
331,2017-12-03T07:05:00,-0.71,-0.59,83.15,1012.48,0.0000,3.01,352,-3.21,-0.71,5.38
332,2017-12-03T07:15:00,-0.77,-0.59,81.97,1012.55,0.0000,4.86,359,-3.46,-0.77,8.64
333,2017-12-03T07:25:00,-0.81,-0.58,82.08,1012.25,0.0000,4.34,357,-3.49,-0.81,7.76
334,2017-12-03T07:35:00,-0.85,-0.53,81.13,1012.32,0.0000,3.38,334,-3.68,-0.85,5.96
335,2017-12-03T07:45:00,-0.63,-0.34,81.11,1012.49,0.0000,2.58,343,-3.46,-0.63,3.91
336,2017-12-03T07:55:00,-0.70,0.09,79.15,1012.63,0.0000,1.90,0,-3.85,-0.70,3.03
337,2017-12-03T08:05:00,-0.59,1.34,79.24,1012.83,0.0000,2.36,349,-3.73,-0.59,3.67
338,2017-12-03T08:15:00,-0.64,8.47,77.21,1012.57,0.0000,1.22,154,-4.13,-0.64,1.82
339,2017-12-03T08:25:00,-0.74,12.28,76.36,1012.95,0.0000,1.61,24,-4.38,-0.74,2.10
340,2017-12-03T08:35:00,-0.57,33.35,75.67,1012.29,0.0000,1.74,192,-4.33,-0.57,3.10
341,2017-12-03T08:38:00,-0.54,39.09,76.17,1012.42,0.0000,2.13,182,-4.22,-0.54,3.10
342,2017-12-03T08:55:00,-0.47,39.53,75.82,1012.56,0.0000,3.29,191,-4.21,-0.47,5.04
343,2017-12-03T09:05:00,-0.18,42.18,77.94,1012.55,0.0000,3.81,168,-3.56,-0.18,5.67
344,2017-12-03T09:15:00,-0.20,40.71,78.60,1012.72,0.0000,3.10,158,-3.47,-0.20,4.73
345,2017-12-03T09:25:00,-0.31,42.97,77.54,1012.70,0.0000,5.42,184,-3.75,-2.14,7.60
346,2017-12-03T09:35:00,-0.27,57.03,77.69,1012.76,0.0000,5.60,196,-3.69,-2.17,7.90
347,2017-12-03T09:45:00,-0.25,61.20,77.88,1012.96,0.0000,4.80,239,-3.64,-0.25,6.98
348,2017-12-03T09:55:00,-0.11,49.57,78.07,1012.94,0.0000,3.90,221,-3.47,-0.11,5.46
349,2017-12-03T10:05:00,-0.23,37.94,79.41,1013.23,0.0000,5.87,239,-3.36,-2.24,8.44
350,2017-12-03T10:15:00,-0.18,38.68,78.14,1013.14,0.0000,4.82,236,-3.52,-0.18,6.85
351,2017-12-03T10:25:00,-0.12,30.46,77.68,1013.30,0.0000,4.74,235,-3.54,-0.12,7.19
352,2017-12-03T10:35:00,-0.20,24.43,78.55,1013.28,0.0000,6.87,238,-3.47,-2.59,9.10
353,2017-12-03T10:45:00,-0.10,32.27,79.25,1013.36,0.0000,5.07,225,-3.26,-1.74,10.02
354,2017-12-03T10:55:00,-0.14,23.51,80.08,1013.28,0.0000,6.39,239,-3.16,-2.34,8.26
355,2017-12-03T11:05:00,0.10,29.15,79.94,1013.21,0.0000,5.18,238,-2.95,-1.56,7.07
356,2017-12-03T11:15:00,0.08,34.98,79.57,1013.10,0.0000,4.57,232,-3.03,0.08,6.80
357,2017-12-03T11:25:00,0.16,39.03,79.53,1013.08,0.0000,6.45,242,-2.96,-2.01,10.68
358,2017-12-03T11:35:00,0.11,79.18,76.74,1012.95,0.0000,8.24,244,-3.49,-2.69,10.43
359,2017-12-03T11:45:00,0.20,94.35,75.03,1012.87,0.0000,8.89,232,-3.70,-2.77,10.47
360,2017-12-03T11:55:00,0.37,118.18,73.41,1012.74,0.0000,7.29,243,-3.83,-2.08,12.87
361,2017-12-03T12:05:00,0.43,97.93,69.47,1012.65,0.0000,6.73,254,-4.50,-1.81,12.68
362,2017-12-03T12:15:00,0.35,90.86,69.79,1012.55,0.0000,9.61,231,-4.52,-2.80,11.07
363,2017-12-03T12:25:00,0.39,96.95,68.84,1012.44,0.0000,10.67,236,-4.66,-3.02,13.85
364,2017-12-03T12:35:00,0.32,90.26,69.00,1012.30,0.0000,11.85,239,-4.69,-3.38,14.48
365,2017-12-03T12:45:00,0.41,82.75,69.87,1012.15,0.0000,9.90,242,-4.45,-2.80,15.74
366,2017-12-03T12:55:00,0.36,75.94,70.59,1012.04,0.0000,11.02,231,-4.36,-3.14,15.37
367,2017-12-03T13:05:00,0.47,72.49,70.42,1011.94,0.0000,10.16,220,-4.29,-2.80,13.05
368,2017-12-03T13:15:00,0.46,65.53,69.62,1012.00,0.0000,11.26,230,-4.44,-3.07,15.93
369,2017-12-03T13:25:00,0.34,57.26,72.06,1011.96,0.0000,10.97,239,-4.10,-3.15,15.15
370,2017-12-03T13:35:00,0.17,51.26,75.21,1012.01,0.0000,9.83,239,-3.70,-3.07,13.25
371,2017-12-03T13:45:00,-0.05,55.85,78.12,1011.92,0.0000,11.05,238,-3.40,-3.64,16.35
372,2017-12-03T13:55:00,-0.07,56.30,79.77,1011.79,0.0000,9.81,242,-3.14,-3.35,14.56
373,2017-12-03T14:05:00,-0.24,50.12,81.18,1011.78,0.0000,9.71,244,-3.07,-3.52,13.88
374,2017-12-03T14:15:00,-0.22,42.78,83.64,1011.85,0.0000,9.43,240,-2.66,-3.43,13.19
375,2017-12-03T14:25:00,-0.35,38.29,85.91,1011.82,0.0000,9.66,227,-2.42,-3.65,16.88
376,2017-12-03T14:35:00,-0.56,34.16,88.02,1011.72,0.0150,10.05,243,-2.29,-4.00,15.03
377,2017-12-03T14:45:00,-0.51,31.36,89.14,1011.66,0.0250,8.80,238,-2.08,-3.59,13.08
378,2017-12-03T14:55:00,-0.42,35.45,90.80,1011.62,0.0500,9.19,245,-1.74,-3.59,12.99
379,2017-12-03T15:05:00,-2.48,28.09,91.98,1011.62,0.0500,10.31,236,-3.61,-6.37,15.17
380,2017-12-03T15:15:00,0.58,23.16,92.56,1011.78,0.0550,9.50,242,-0.49,-2.50,11.81
381,2017-12-03T15:25:00,-1.55,22.45,93.03,1011.66,0.0650,10.46,243,-2.53,-5.29,16.11
382,2017-12-03T15:35:00,0.08,20.19,93.28,1011.77,0.0250,13.04,238,-0.88,-3.94,18.97
383,2017-12-03T15:45:00,1.39,14.05,93.50,1011.96,0.0200,10.04,244,0.46,-1.67,15.18
384,2017-12-03T15:55:00,-0.79,11.58,93.36,1011.77,0.0250,10.85,241,-1.72,-4.48,14.15
385,2017-12-03T16:05:00,-0.70,6.84,93.35,1012.09,0.0200,11.47,241,-1.64,-4.53,15.12
386,2017-12-03T16:15:00,-1.42,4.74,93.49,1012.05,0.0300,10.86,242,-2.33,-5.23,15.72
387,2017-12-03T16:25:00,-0.85,1.94,93.58,1012.03,0.0150,10.72,237,-1.76,-4.52,15.10
388,2017-12-03T16:35:00,-1.09,0.77,93.72,1012.05,0.0250,10.58,233,-1.97,-4.78,14.58
389,2017-12-03T16:45:00,-0.77,-0.14,93.72,1012.14,0.0300,9.28,244,-1.65,-4.03,14.48
390,2017-12-03T16:55:00,-1.04,-0.51,93.59,1012.22,0.0250,15.11,234,-1.95,-5.73,19.24
391,2017-12-03T17:05:00,-1.03,-0.60,93.67,1012.04,0.0350,12.06,243,-1.92,-5.06,16.85
392,2017-12-03T17:15:00,-0.98,-0.63,93.88,1012.10,0.0600,12.11,240,-1.83,-5.01,16.15
393,2017-12-03T17:25:00,-1.20,-0.56,94.06,1012.02,0.0450,11.07,240,-2.03,-5.03,14.14
394,2017-12-03T17:35:00,-0.95,-0.56,94.20,1012.08,0.0750,10.55,239,-1.77,-4.60,18.05
395,2017-12-03T17:45:00,-0.65,-0.54,94.43,1012.06,0.0800,11.99,244,-1.44,-4.59,18.04
396,2017-12-03T17:55:00,-0.87,-0.59,94.64,1012.10,0.0600,8.44,236,-1.62,-3.90,12.73
397,2017-12-03T18:05:00,0.51,-0.61,94.78,1012.08,0.0450,9.23,231,-0.22,-2.49,12.07
398,2017-12-03T18:15:00,-0.70,-0.59,94.84,1012.06,0.0950,10.60,228,-1.42,-4.31,14.12
399,2017-12-03T18:25:00,-0.80,-0.58,94.93,1011.98,0.0900,13.03,231,-1.51,-5.00,17.96
400,2017-12-03T18:35:00,-0.89,-0.56,95.02,1012.06,0.0850,11.68,237,-1.59,-4.81,18.05
401,2017-12-03T18:45:00,-0.76,-0.56,95.10,1012.08,0.0850,10.45,237,-1.45,-4.34,15.58
402,2017-12-03T18:55:00,-0.41,-0.55,95.19,1012.02,0.0650,12.22,235,-1.09,-4.35,18.62
403,2017-12-03T19:05:00,-0.59,-0.59,95.25,1012.08,0.0600,11.51,230,-1.26,-4.40,16.96
404,2017-12-03T19:15:00,-0.64,-0.59,95.31,1012.13,0.0450,11.80,226,-1.30,-4.53,18.64
405,2017-12-03T19:25:00,-0.58,-0.59,95.36,1012.10,0.0400,12.73,230,-1.23,-4.66,17.33
406,2017-12-03T19:35:00,-0.70,-0.58,95.38,1012.12,0.0500,9.39,235,-1.34,-3.98,14.08
407,2017-12-03T19:45:00,-0.64,-0.55,95.41,1012.06,0.0450,11.16,238,-1.28,-4.38,15.81
408,2017-12-03T19:55:00,-0.77,-0.55,95.42,1012.08,0.0300,13.97,235,-1.41,-5.16,18.05
409,2017-12-03T20:05:00,-0.56,-0.59,95.43,1012.18,0.0200,12.97,235,-1.20,-4.69,16.80
410,2017-12-03T20:15:00,-0.49,-0.59,95.44,1012.21,0.0100,14.31,239,-1.12,-4.88,19.36
411,2017-12-03T20:25:00,-0.29,-0.60,95.46,1012.23,0.0150,13.22,240,-0.93,-4.42,19.19
412,2017-12-03T20:35:00,-0.54,-0.59,95.46,1012.32,0.0150,14.01,232,-1.18,-4.89,20.02
413,2017-12-03T20:45:00,-0.64,-0.60,95.46,1012.23,0.0000,13.48,235,-1.28,-4.91,20.69
414,2017-12-03T20:55:00,0.13,-0.59,95.45,1012.40,0.0000,13.46,242,-0.51,-3.95,19.36
415,2017-12-03T21:05:00,-0.41,-0.59,95.46,1012.37,0.0000,13.32,244,-1.04,-4.59,18.21
416,2017-12-03T21:15:00,-0.40,-0.60,95.44,1012.48,0.0000,15.82,236,-1.03,-5.05,20.17
417,2017-12-03T21:25:00,0.35,-0.60,95.43,1012.51,0.0150,13.80,237,-0.29,-3.75,21.91
418,2017-12-03T21:35:00,-0.43,-0.60,95.43,1012.57,0.0300,16.76,234,-1.07,-5.27,20.73
419,2017-12-03T21:45:00,-0.38,-0.60,95.43,1012.52,0.0450,14.66,238,-1.01,-4.81,18.77
420,2017-12-03T21:55:00,-1.09,-0.59,95.47,1012.52,0.0400,13.23,239,-1.73,-5.40,17.91
421,2017-12-03T22:05:00,1.06,-0.58,95.50,1012.75,0.0400,14.87,241,0.43,-3.08,19.24
422,2017-12-03T22:15:00,0.12,-0.55,95.52,1012.90,0.0050,12.31,235,-0.51,-3.72,16.69
423,2017-12-03T22:25:00,-1.16,-0.59,95.52,1012.99,0.0050,11.73,242,-1.79,-5.15,17.33
424,2017-12-03T22:35:00,-0.32,-0.59,95.50,1013.05,0.0000,12.76,238,-0.95,-4.35,17.76
425,2017-12-03T22:45:00,-0.12,-0.56,95.45,1013.23,0.0000,13.94,237,-0.76,-4.36,18.44
426,2017-12-03T22:55:00,-0.10,-0.58,95.37,1013.13,0.0000,12.50,244,-0.75,-4.03,17.34
427,2017-12-03T23:05:00,-0.97,-0.59,95.33,1013.23,0.0000,11.90,235,-1.62,-4.95,15.20
428,2017-12-03T23:15:00,0.12,-0.60,95.27,1013.33,0.0000,12.39,241,-0.55,-3.74,18.00
429,2017-12-03T23:25:00,0.16,-0.56,95.23,1013.40,0.0000,10.17,235,-0.51,-3.16,13.86
430,2017-12-03T23:35:00,-0.49,-0.58,95.02,1013.36,0.0000,14.72,232,-1.19,-4.97,21.16
431,2017-12-03T23:45:00,-0.86,-0.58,94.93,1013.36,0.0300,15.10,232,-1.57,-5.50,20.49
432,2017-12-03T23:55:00,-0.14,-0.61,94.92,1013.38,0.0650,15.82,235,-0.86,-4.75,22.47
433,2017-12-04T00:05:00,-0.25,-0.56,94.95,1013.48,0.0450,15.51,233,-0.96,-4.82,19.14
434,2017-12-04T00:15:00,-0.15,-0.56,94.94,1013.50,0.0100,15.21,233,-0.86,-4.64,18.25
435,2017-12-04T00:25:00,0.13,-0.52,94.90,1013.21,0.0000,14.05,229,-0.59,-4.08,18.33
436,2017-12-04T00:35:00,-0.53,-0.60,94.89,1013.39,0.0000,11.99,234,-1.24,-4.44,15.84
437,2017-12-04T00:45:00,-0.03,-0.58,94.81,1013.42,0.0000,14.76,233,-0.76,-4.40,21.91
438,2017-12-04T00:55:00,0.27,-0.61,94.74,1013.58,0.0000,12.03,239,-0.47,-3.48,15.08
439,2017-12-04T01:05:00,0.08,-0.60,94.58,1013.74,0.0000,14.38,232,-0.69,-4.20,18.99
440,2017-12-04T01:15:00,-0.05,-0.59,94.43,1013.77,0.0000,10.77,234,-0.83,-3.57,14.76
441,2017-12-04T01:25:00,-0.20,-0.60,94.23,1013.75,0.0000,14.62,225,-1.02,-4.60,19.57
442,2017-12-04T01:35:00,-0.33,-0.61,94.06,1013.73,0.0000,12.20,230,-1.17,-4.25,17.95
443,2017-12-04T01:45:00,-0.10,-0.59,93.97,1013.90,0.0000,9.86,228,-0.96,-3.40,17.53
444,2017-12-04T01:55:00,0.11,-0.59,93.75,1013.92,0.0000,13.38,230,-0.77,-3.96,21.06
445,2017-12-04T02:05:00,-0.14,-0.62,93.42,1013.86,0.0000,14.59,230,-1.07,-4.51,22.54
446,2017-12-04T02:15:00,-0.08,-0.63,93.17,1013.94,0.0000,13.87,235,-1.05,-4.30,18.51
447,2017-12-04T02:25:00,0.12,-0.63,92.94,1014.02,0.0000,12.59,234,-0.88,-3.78,16.72
448,2017-12-04T02:35:00,-0.22,-0.64,92.56,1014.08,0.0000,12.87,237,-1.27,-4.26,16.63
449,2017-12-04T02:45:00,0.22,-0.63,92.29,1014.12,0.0000,12.71,233,-0.88,-3.69,16.29
450,2017-12-04T02:55:00,-0.28,-0.58,92.61,1014.33,0.0000,13.00,237,-1.33,-4.37,16.20
451,2017-12-04T03:05:00,-0.17,-0.58,93.18,1014.23,0.0050,12.62,234,-1.14,-4.15,16.25
452,2017-12-04T03:15:00,0.00,-0.62,92.48,1014.19,0.0000,15.37,231,-1.07,-4.48,20.42
453,2017-12-04T03:25:00,0.04,-0.60,91.70,1014.26,0.0000,14.52,232,-1.15,-4.28,20.27
454,2017-12-04T03:35:00,0.06,-0.60,91.26,1014.37,0.0000,16.03,236,-1.19,-4.52,21.30
455,2017-12-04T03:45:00,0.14,-0.60,91.50,1014.19,0.0000,13.79,236,-1.08,-4.02,15.69
456,2017-12-04T03:55:00,0.24,-0.62,91.46,1014.10,0.0000,14.00,236,-0.98,-3.93,21.00
457,2017-12-04T04:05:00,0.17,-0.64,90.97,1014.12,0.0000,16.45,235,-1.12,-4.46,21.68
458,2017-12-04T04:15:00,0.28,-0.61,90.93,1014.20,0.0000,11.93,239,-1.02,-3.44,15.94
459,2017-12-04T04:25:00,0.12,-0.62,90.64,1014.30,0.0000,11.82,230,-1.23,-3.62,17.29
460,2017-12-04T04:35:00,0.32,-0.65,90.45,1014.35,0.0000,13.17,233,-1.06,-3.66,19.31
461,2017-12-04T04:45:00,0.29,-0.61,90.32,1014.45,0.0000,14.76,230,-1.10,-4.01,16.49
462,2017-12-04T04:55:00,0.28,-0.62,90.18,1014.56,0.0000,14.54,236,-1.14,-3.99,20.29
463,2017-12-04T05:05:00,0.24,-0.62,90.33,1014.74,0.0000,12.72,233,-1.15,-3.66,17.45
464,2017-12-04T05:15:00,0.35,-0.63,90.12,1014.62,0.0000,12.47,238,-1.08,-3.48,19.71
465,2017-12-04T05:25:00,0.45,-0.61,89.98,1014.73,0.0000,10.07,238,-1.00,-2.80,12.72
466,2017-12-04T05:35:00,0.49,-0.63,89.72,1014.58,0.0000,13.19,229,-1.00,-3.46,19.15
467,2017-12-04T05:45:00,0.40,-0.70,89.53,1014.60,0.0000,12.13,234,-1.12,-3.35,17.06
468,2017-12-04T05:55:00,0.32,-0.67,89.59,1014.54,0.0000,9.93,232,-1.19,-2.92,15.23
469,2017-12-04T06:05:00,0.52,-0.69,89.45,1014.64,0.0000,11.31,234,-1.01,-3.01,14.30
470,2017-12-04T06:15:00,0.55,-0.69,89.10,1014.82,0.0000,12.53,236,-1.03,-3.25,17.65
471,2017-12-04T06:25:00,0.61,-0.71,89.01,1014.93,0.0000,12.53,236,-0.99,-3.18,16.40
472,2017-12-04T06:35:00,0.53,-0.73,88.93,1015.06,0.0000,13.90,233,-1.08,-3.55,22.86
473,2017-12-04T06:45:00,0.59,-0.69,88.90,1014.87,0.0000,13.14,229,-1.02,-3.33,17.86
474,2017-12-04T06:55:00,0.59,-0.69,89.31,1014.87,0.0000,12.86,231,-0.97,-3.27,17.48
475,2017-12-04T07:05:00,0.58,-0.65,89.08,1015.00,0.0000,11.93,238,-1.01,-3.09,16.05
476,2017-12-04T07:15:00,0.61,-0.61,89.11,1015.15,0.0000,13.90,233,-0.98,-3.46,21.80
477,2017-12-04T07:25:00,0.58,-0.60,89.14,1015.28,0.0000,12.88,229,-1.00,-3.29,19.09
478,2017-12-04T07:35:00,0.76,-0.59,88.86,1015.09,0.0000,12.05,235,-0.87,-2.90,16.46
479,2017-12-04T07:45:00,0.75,-0.53,88.18,1015.45,0.0000,13.73,233,-0.98,-3.26,19.73
480,2017-12-04T07:55:00,0.92,-0.35,87.92,1015.53,0.0000,13.12,234,-0.85,-2.92,16.56
481,2017-12-04T08:05:00,0.76,0.12,87.72,1015.55,0.0000,12.07,231,-1.04,-2.89,17.31
482,2017-12-04T08:15:00,0.90,0.80,88.03,1015.67,0.0000,12.30,242,-0.86,-2.78,16.40
483,2017-12-04T08:25:00,1.00,1.52,87.65,1015.81,0.0000,13.76,243,-0.82,-2.95,20.59
484,2017-12-04T08:35:00,1.05,4.63,87.23,1016.03,0.0000,11.62,239,-0.83,-2.44,17.29
485,2017-12-04T08:38:00,1.05,5.43,87.08,1015.99,0.0000,10.95,239,-0.85,-2.29,17.29
486,2017-12-04T08:55:00,1.19,11.44,86.11,1016.11,0.0000,14.66,232,-0.87,-2.88,19.25
487,2017-12-04T09:05:00,1.27,12.39,85.91,1016.09,0.0000,13.75,235,-0.82,-2.62,17.44
488,2017-12-04T09:15:00,1.18,17.02,85.79,1016.23,0.0000,14.59,233,-0.93,-2.88,21.90
489,2017-12-04T09:25:00,1.14,16.98,86.21,1016.38,0.0000,11.14,241,-0.90,-2.22,15.43
490,2017-12-04T09:35:00,1.25,16.40,86.36,1016.17,0.0000,11.46,239,-0.78,-2.17,16.55
491,2017-12-04T09:45:00,1.32,17.61,85.64,1016.20,0.0000,12.37,238,-0.82,-2.28,14.85
492,2017-12-04T09:55:00,1.33,16.51,85.38,1016.35,0.0000,10.58,240,-0.84,-1.86,15.51
493,2017-12-04T10:05:00,1.46,23.87,84.86,1016.49,0.0000,12.91,239,-0.80,-2.22,17.43
494,2017-12-04T10:15:00,1.44,29.92,84.40,1016.55,0.0000,12.06,242,-0.90,-2.07,18.45
495,2017-12-04T10:25:00,1.61,30.84,84.68,1016.71,0.0000,11.79,236,-0.69,-1.81,15.51
496,2017-12-04T10:35:00,1.52,38.69,84.63,1016.88,0.0000,11.50,241,-0.79,-1.86,15.36
497,2017-12-04T10:45:00,1.62,26.53,84.18,1016.82,0.0000,11.62,238,-0.76,-1.76,17.65
498,2017-12-04T10:55:00,1.57,22.09,84.66,1016.92,0.0000,12.89,234,-0.73,-2.08,18.73
499,2017-12-04T11:05:00,1.57,22.69,84.93,1016.98,0.0000,12.81,227,-0.68,-2.06,16.81
500,2017-12-04T11:15:00,1.48,25.39,85.08,1016.94,0.0000,9.50,239,-0.75,-1.42,15.11
501,2017-12-04T11:25:00,1.65,34.14,84.94,1016.76,0.0000,12.00,228,-0.61,-1.81,15.40
502,2017-12-04T11:35:00,1.69,34.83,84.87,1016.83,0.0000,12.33,228,-0.58,-1.82,17.80
503,2017-12-04T11:45:00,1.76,35.11,84.23,1016.83,0.0000,10.43,234,-0.62,-1.32,13.70
504,2017-12-04T11:55:00,1.94,39.73,84.04,1016.83,0.0000,11.41,235,-0.46,-1.32,16.19
505,2017-12-04T12:05:00,1.92,52.85,83.27,1016.72,0.0000,13.21,235,-0.62,-1.72,16.48
506,2017-12-04T12:15:00,1.96,41.14,83.59,1016.76,0.0000,12.88,238,-0.52,-1.61,18.69
507,2017-12-04T12:25:00,1.98,33.27,83.22,1016.79,0.0000,13.24,231,-0.56,-1.65,19.72
508,2017-12-04T12:35:00,1.99,26.93,83.39,1016.87,0.0000,14.31,242,-0.53,-1.84,20.75
509,2017-12-04T12:45:00,2.05,28.94,83.39,1016.83,0.0000,13.29,238,-0.47,-1.58,19.83
510,2017-12-04T12:55:00,2.05,43.00,83.92,1016.72,0.0000,12.25,235,-0.38,-1.37,16.72
511,2017-12-04T13:05:00,2.10,37.01,84.26,1016.83,0.0000,9.96,230,-0.28,-0.80,13.26
512,2017-12-04T13:15:00,2.04,32.15,85.13,1016.83,0.0000,12.22,227,-0.20,-1.38,21.61
513,2017-12-04T13:25:00,2.09,41.40,85.19,1016.89,0.0000,12.94,237,-0.13,-1.46,17.79
514,2017-12-04T13:35:00,2.11,36.00,85.07,1016.95,0.0000,14.68,240,-0.13,-1.75,18.08
515,2017-12-04T13:45:00,2.03,29.23,85.89,1017.03,0.0000,15.31,234,-0.08,-1.97,18.55
516,2017-12-04T13:55:00,2.07,17.70,86.38,1017.21,0.0000,11.91,242,0.04,-1.27,19.07
517,2017-12-04T14:05:00,2.00,31.80,87.39,1017.09,0.0000,10.62,242,0.13,-1.07,16.11
518,2017-12-04T14:15:00,1.99,13.64,88.06,1017.18,0.0000,12.71,236,0.22,-1.54,19.19
519,2017-12-04T14:25:00,2.02,16.32,88.74,1017.08,0.0000,11.63,244,0.36,-1.28,20.98
520,2017-12-04T14:35:00,1.91,20.86,88.86,1017.06,0.0000,14.52,232,0.27,-1.97,21.58
521,2017-12-04T14:45:00,1.93,16.38,88.94,1017.16,0.0000,14.64,237,0.30,-1.98,20.08
522,2017-12-04T14:55:00,1.97,21.79,89.42,1017.08,0.0000,12.52,237,0.42,-1.52,14.51
523,2017-12-04T15:05:00,1.85,11.14,90.11,1017.18,0.0000,10.42,231,0.40,-1.21,12.86
524,2017-12-04T15:15:00,1.86,7.70,90.49,1017.23,0.0000,11.13,226,0.47,-1.35,13.89
525,2017-12-04T15:25:00,1.88,5.33,90.49,1017.45,0.0000,10.23,231,0.49,-1.12,15.75
526,2017-12-04T15:35:00,1.82,3.81,90.23,1017.59,0.0000,12.44,228,0.39,-1.69,16.78
527,2017-12-04T15:45:00,1.86,4.84,90.34,1017.52,0.0000,14.03,231,0.45,-1.95,18.06
528,2017-12-04T15:55:00,1.88,2.12,90.39,1017.62,0.0000,11.82,236,0.47,-1.49,15.34
529,2017-12-04T16:05:00,2.00,0.88,90.31,1017.70,0.0000,10.01,235,0.58,-0.93,13.48
530,2017-12-04T16:15:00,2.00,0.67,90.08,1017.58,0.0000,12.44,227,0.54,-1.47,15.72
531,2017-12-04T16:25:00,2.10,0.33,89.92,1017.75,0.0000,13.10,227,0.62,-1.47,21.47
532,2017-12-04T16:35:00,2.11,-0.04,89.80,1017.81,0.0000,12.46,234,0.61,-1.34,18.06
533,2017-12-04T16:45:00,2.22,-0.38,89.65,1017.85,0.0000,12.20,235,0.70,-1.15,17.20
534,2017-12-04T16:55:00,2.30,-0.51,89.27,1017.83,0.0000,13.74,234,0.72,-1.36,19.61
535,2017-12-04T17:05:00,2.30,-0.53,89.08,1017.98,0.0000,14.34,233,0.68,-1.47,17.56
536,2017-12-04T17:15:00,2.40,-0.54,88.76,1018.18,0.0000,12.87,235,0.74,-1.06,17.12
537,2017-12-04T17:25:00,2.49,-0.54,88.55,1018.41,0.0000,10.44,235,0.80,-0.44,13.93
538,2017-12-04T17:35:00,2.51,-0.53,88.61,1018.54,0.0000,9.89,235,0.82,-0.30,13.68
539,2017-12-04T17:45:00,2.56,-0.54,88.56,1018.64,0.0000,11.76,225,0.87,-0.65,16.96
540,2017-12-04T17:55:00,2.55,-0.56,88.64,1018.64,0.0000,9.87,228,0.87,-0.23,12.99
541,2017-12-04T18:05:00,2.64,-0.56,88.48,1018.55,0.0000,10.23,232,0.93,-0.21,15.19
542,2017-12-04T18:15:00,2.69,-0.54,88.61,1018.75,0.0000,8.34,237,1.00,0.32,11.68
543,2017-12-04T18:25:00,2.70,-0.53,88.45,1018.66,0.0000,12.13,234,0.98,-0.56,14.74
544,2017-12-04T18:35:00,2.78,-0.54,88.25,1018.83,0.0000,12.06,240,1.03,-0.45,16.21
545,2017-12-04T18:45:00,2.86,-0.54,88.21,1019.01,0.0000,10.78,243,1.11,-0.07,15.81
546,2017-12-04T18:55:00,2.99,-0.52,88.08,1019.12,0.0000,11.45,236,1.21,-0.07,16.45
547,2017-12-04T19:05:00,2.93,-0.53,87.94,1019.15,0.0000,10.33,244,1.13,0.10,18.45
548,2017-12-04T19:15:00,2.98,-0.51,87.90,1019.13,0.0000,10.53,235,1.18,0.13,15.82
549,2017-12-04T19:25:00,3.06,-0.51,87.61,1019.28,0.0000,10.60,234,1.21,0.21,13.35
550,2017-12-04T19:35:00,3.14,-0.50,87.37,1019.38,0.0000,11.98,238,1.25,0.01,16.21
551,2017-12-04T19:45:00,3.12,-0.53,87.43,1019.40,0.0000,10.99,243,1.24,0.19,15.74
552,2017-12-04T19:55:00,3.18,-0.51,87.42,1019.42,0.0000,14.18,235,1.29,-0.36,19.58
553,2017-12-04T20:00:00,3.16,-0.52,87.55,1019.52,0.0000,14.79,235,1.29,-0.49,19.58
554,2017-12-04T20:15:00,3.17,-0.54,87.74,1019.48,0.0000,13.82,228,1.34,-0.30,18.18
555,2017-12-04T20:25:00,3.19,-0.53,87.87,1019.50,0.0000,14.27,238,1.38,-0.36,18.78
556,2017-12-04T20:35:00,3.19,-0.51,87.97,1019.59,0.0000,11.93,236,1.39,0.08,14.68
557,2017-12-04T20:45:00,3.19,-0.49,87.78,1019.56,0.0000,11.89,233,1.36,0.08,15.60
558,2017-12-04T20:55:00,3.25,-0.53,87.70,1019.76,0.0000,11.11,231,1.41,0.32,18.70
559,2017-12-04T21:05:00,3.29,-0.49,87.67,1019.76,0.0000,11.76,236,1.45,0.24,14.91
560,2017-12-04T21:15:00,3.27,-0.50,87.76,1019.80,0.0000,11.02,239,1.44,0.37,13.01
561,2017-12-04T21:25:00,3.32,-0.52,87.93,1019.88,0.0000,10.60,240,1.51,0.51,13.88
562,2017-12-04T21:35:00,3.30,-0.50,88.06,1019.92,0.0000,10.05,240,1.51,0.61,14.47
563,2017-12-04T21:45:00,3.34,-0.53,88.25,1020.00,0.0000,9.95,242,1.58,0.69,15.58
564,2017-12-04T21:55:00,3.32,-0.46,87.90,1019.90,0.0000,13.29,233,1.51,-0.02,18.83
565,2017-12-04T22:05:00,3.33,-0.50,87.72,1019.88,0.0000,9.37,233,1.49,0.82,17.32
566,2017-12-04T22:15:00,3.36,-0.51,87.63,1020.09,0.0000,10.88,232,1.50,0.50,15.15
567,2017-12-04T22:25:00,3.37,-0.51,87.60,1020.25,0.0000,12.33,220,1.51,0.22,14.94
568,2017-12-04T22:35:00,3.40,-0.50,87.51,1020.42,0.0000,10.03,227,1.52,0.74,17.16
569,2017-12-04T22:45:00,3.48,-0.51,87.38,1020.51,0.0000,11.46,231,1.58,0.53,16.46
570,2017-12-04T22:55:00,3.49,-0.49,87.04,1020.51,0.0000,14.18,221,1.54,0.03,18.23
571,2017-12-04T23:05:00,3.47,-0.51,86.88,1020.55,0.0000,12.08,234,1.50,0.39,15.22
572,2017-12-04T23:15:00,3.58,-0.46,86.86,1020.76,0.0000,9.62,234,1.60,1.05,13.22
573,2017-12-04T23:25:00,3.57,-0.50,86.57,1020.70,0.0000,12.93,236,1.54,0.34,17.81
574,2017-12-04T23:35:00,3.69,-0.51,86.40,1020.78,0.0000,11.76,230,1.63,0.71,17.75
575,2017-12-04T23:45:00,3.73,-0.51,86.06,1020.91,0.0000,11.88,228,1.62,0.74,15.25
576,2017-12-04T23:55:00,3.73,-0.49,85.69,1020.99,0.0000,11.87,238,1.56,0.74,15.20
577,2017-12-05T00:05:00,3.73,-0.49,85.52,1021.05,0.0000,11.44,243,1.53,0.83,15.07
578,2017-12-05T00:15:00,3.74,-0.45,85.45,1021.21,0.0000,12.38,241,1.53,0.66,15.95
579,2017-12-05T00:25:00,3.82,-0.52,85.46,1021.26,0.0000,11.69,245,1.61,0.89,16.37
580,2017-12-05T00:35:00,3.83,-0.50,85.07,1021.36,0.0000,10.03,245,1.56,1.26,13.13
581,2017-12-05T00:45:00,3.82,-0.49,85.04,1021.24,0.0000,11.17,232,1.54,1.00,16.01
582,2017-12-05T00:55:00,3.76,-0.50,85.25,1021.36,0.0000,11.05,235,1.51,0.94,14.89
583,2017-12-05T01:05:00,3.81,-0.49,85.29,1021.34,0.0000,11.11,234,1.57,1.00,13.76
584,2017-12-05T01:15:00,3.76,-0.46,84.98,1021.32,0.0000,10.67,238,1.47,1.03,13.46
585,2017-12-05T01:25:00,3.80,-0.50,84.94,1021.36,0.0000,8.46,235,1.50,1.60,12.74
586,2017-12-05T01:35:00,3.90,-0.50,84.44,1021.38,0.0000,11.92,232,1.52,0.94,14.95
587,2017-12-05T01:45:00,3.92,-0.46,84.19,1021.27,0.0000,11.04,235,1.50,1.14,14.82
588,2017-12-05T01:55:00,3.84,-0.45,84.35,1021.36,0.0000,8.03,242,1.44,1.76,12.05
589,2017-12-05T02:05:00,3.95,-0.49,84.60,1021.38,0.0000,10.00,239,1.60,1.41,11.91
590,2017-12-05T02:15:00,3.73,-0.46,84.51,1021.46,0.0000,9.55,234,1.36,1.25,12.87
591,2017-12-05T02:25:00,3.72,-0.45,84.40,1021.50,0.0000,11.23,231,1.34,0.87,15.62
592,2017-12-05T02:35:00,3.88,-0.44,84.47,1021.50,0.0000,10.90,232,1.51,1.13,16.44
593,2017-12-05T02:45:00,3.92,-0.45,84.44,1021.42,0.0000,11.09,231,1.54,1.14,13.70
594,2017-12-05T02:55:00,3.84,-0.48,84.46,1021.40,0.0000,10.89,231,1.46,1.07,15.70
595,2017-12-05T03:05:00,3.76,-0.48,84.41,1021.46,0.0000,12.92,229,1.38,0.58,16.58
596,2017-12-05T03:15:00,3.93,-0.49,84.47,1021.40,0.0000,10.75,238,1.56,1.22,15.43
597,2017-12-05T03:25:00,3.97,-0.48,84.38,1021.38,0.0000,11.30,242,1.58,1.15,16.50
598,2017-12-05T03:35:00,3.84,-0.51,84.32,1021.33,0.0000,10.12,244,1.44,1.25,13.40
599,2017-12-05T03:45:00,3.75,-0.54,84.19,1021.27,0.0000,10.12,240,1.33,1.14,15.57
600,2017-12-05T03:55:00,3.95,-0.48,84.32,1021.27,0.0000,10.40,235,1.55,1.32,14.93
601,2017-12-05T04:05:00,3.95,-0.49,84.54,1021.38,0.0000,11.02,237,1.58,1.18,14.20
602,2017-12-05T04:15:00,3.88,-0.48,84.55,1021.39,0.0000,8.07,237,1.52,1.80,12.81
603,2017-12-05T04:25:00,3.93,-0.49,84.45,1021.50,0.0000,8.30,240,1.55,1.79,13.98
604,2017-12-05T04:35:00,3.94,-0.50,84.46,1021.50,0.0000,10.36,235,1.57,1.32,15.88
605,2017-12-05T04:45:00,4.01,-0.48,84.48,1021.50,0.0000,9.82,237,1.63,1.52,13.10
606,2017-12-05T04:55:00,4.05,-0.45,84.30,1021.62,0.0000,8.49,239,1.65,1.89,12.82
607,2017-12-05T05:05:00,3.99,-0.49,84.23,1021.56,0.0000,10.89,241,1.58,1.26,12.41
608,2017-12-05T05:15:00,4.04,-0.45,84.27,1021.51,0.0000,10.75,237,1.63,1.35,14.72
609,2017-12-05T05:25:00,4.04,-0.49,84.38,1021.53,0.0000,10.70,237,1.65,1.36,13.19
610,2017-12-05T05:35:00,4.01,-0.49,84.54,1021.51,0.0000,9.27,241,1.64,1.64,13.48
611,2017-12-05T05:45:00,3.98,-0.50,84.66,1021.53,0.0000,9.97,231,1.63,1.45,14.77
612,2017-12-05T05:55:00,3.98,-0.48,84.70,1021.52,0.0000,9.65,232,1.65,1.53,13.40
613,2017-12-05T06:05:00,4.06,-0.46,84.58,1021.56,0.0000,9.33,232,1.70,1.69,13.75
614,2017-12-05T06:15:00,4.05,-0.45,84.51,1021.51,0.0000,9.90,233,1.68,1.54,14.71
615,2017-12-05T06:25:00,4.03,-0.48,84.46,1021.39,0.0000,10.48,227,1.65,1.39,15.11
616,2017-12-05T06:35:00,4.12,-0.48,84.68,1021.51,0.0000,7.83,230,1.77,2.15,9.39
617,2017-12-05T06:45:00,4.06,-0.45,84.58,1021.43,0.0000,9.18,222,1.70,1.73,14.47
618,2017-12-05T06:55:00,4.12,-0.51,84.63,1021.51,0.0000,7.06,233,1.76,2.36,8.92
619,2017-12-05T07:05:00,4.13,-0.48,84.70,1021.62,0.0000,5.65,235,1.79,2.85,7.87
620,2017-12-05T07:15:00,4.12,-0.44,84.43,1021.65,0.0000,7.25,236,1.73,2.31,12.50
621,2017-12-05T07:25:00,4.18,-0.44,84.19,1021.73,0.0000,7.30,235,1.75,2.37,11.39
622,2017-12-05T07:35:00,4.13,-0.43,83.90,1021.75,0.0000,9.07,230,1.65,1.84,12.07
623,2017-12-05T07:45:00,4.12,-0.32,83.75,1021.76,0.0000,8.76,231,1.62,1.90,13.67
624,2017-12-05T07:55:00,4.11,0.00,84.03,1021.75,0.0000,8.30,228,1.66,2.01,11.97
625,2017-12-05T08:05:00,4.14,0.73,84.14,1021.87,0.0000,8.33,220,1.70,2.03,10.99
626,2017-12-05T08:15:00,4.04,1.52,84.41,1022.10,0.0000,9.70,221,1.65,1.58,12.90
627,2017-12-05T08:25:00,4.04,4.31,84.64,1022.24,0.0000,7.35,236,1.69,2.19,9.59
628,2017-12-05T08:35:00,4.07,7.42,84.74,1022.15,0.0000,8.52,229,1.74,1.91,12.29
629,2017-12-05T08:38:00,4.03,6.87,84.82,1022.20,0.0000,8.30,231,1.71,1.92,12.29
630,2017-12-05T08:55:00,4.11,19.05,85.12,1022.43,0.0000,10.22,234,1.84,1.55,15.07
631,2017-12-05T09:05:00,4.07,29.73,85.12,1022.47,0.0000,9.04,245,1.80,1.77,11.97
632,2017-12-05T09:15:00,4.08,37.29,85.41,1022.59,0.0000,9.10,236,1.85,1.77,13.01
633,2017-12-05T09:25:00,4.04,23.01,85.61,1022.74,0.0000,10.35,244,1.85,1.44,13.58
634,2017-12-05T09:35:00,4.09,7.60,86.07,1022.93,0.0000,9.63,237,1.97,1.65,12.15
635,2017-12-05T09:45:00,4.20,15.60,86.18,1022.83,0.0000,7.62,237,2.10,2.30,10.51
636,2017-12-05T09:55:00,4.18,29.01,86.38,1022.84,0.0000,10.32,233,2.11,1.60,12.43
637,2017-12-05T10:05:00,4.12,30.02,85.96,1022.83,0.0000,8.64,231,1.98,1.93,13.38
638,2017-12-05T10:15:00,4.18,25.64,86.23,1022.91,0.0000,8.46,234,2.08,2.05,14.87
639,2017-12-05T10:25:00,4.15,23.13,86.56,1022.95,0.0000,9.52,235,2.11,1.75,14.14
640,2017-12-05T10:35:00,4.31,55.93,86.47,1022.95,0.0000,7.17,238,2.25,2.55,10.15
641,2017-12-05T10:45:00,4.34,40.10,86.03,1023.05,0.0000,8.95,234,2.22,2.12,14.86
642,2017-12-05T10:55:00,4.26,55.31,86.13,1022.95,0.0000,9.75,238,2.16,1.84,15.54
643,2017-12-05T11:05:00,4.22,46.64,86.07,1022.84,0.0000,8.28,239,2.10,2.14,13.64
644,2017-12-05T11:15:00,4.38,60.21,85.96,1022.60,0.0000,7.99,236,2.24,2.41,12.24
645,2017-12-05T11:25:00,4.34,49.44,86.10,1022.52,0.0000,8.04,228,2.22,2.34,11.22
646,2017-12-05T11:35:00,4.31,109.72,86.20,1022.48,0.0000,11.51,228,2.21,1.52,16.10
647,2017-12-05T11:45:00,4.80,215.19,85.60,1022.60,0.0000,7.91,235,2.59,2.92,10.23
648,2017-12-05T11:55:00,4.82,69.46,84.80,1022.49,0.0000,8.12,240,2.49,2.90,14.16
649,2017-12-05T12:05:00,4.80,48.22,84.28,1022.49,0.0000,9.99,236,2.37,2.42,12.51
650,2017-12-05T12:15:00,4.86,72.87,83.69,1022.43,0.0000,10.82,243,2.34,2.32,16.76
651,2017-12-05T12:25:00,5.14,123.96,83.21,1022.26,0.0000,8.57,228,2.53,5.14,14.44
652,2017-12-05T12:35:00,5.11,190.81,82.93,1022.15,0.0000,10.37,225,2.46,5.11,13.69
653,2017-12-05T12:45:00,5.45,335.53,82.21,1022.26,0.0000,11.26,231,2.66,5.45,16.93
654,2017-12-05T12:55:00,5.27,149.94,81.54,1022.27,0.0000,10.94,232,2.37,5.27,15.46
655,2017-12-05T13:05:00,5.26,142.98,81.81,1022.25,0.0000,12.42,236,2.41,5.26,16.36
656,2017-12-05T13:15:00,5.17,230.65,81.78,1022.28,0.0000,13.08,244,2.32,5.17,17.52
657,2017-12-05T13:25:00,5.42,159.59,80.77,1022.26,0.0000,12.82,239,2.38,5.42,16.73
658,2017-12-05T13:35:00,5.59,121.03,79.94,1022.12,0.0000,10.50,252,2.41,5.59,17.35
659,2017-12-05T13:45:00,5.41,115.28,79.93,1022.03,0.0000,12.59,246,2.23,5.41,19.37
660,2017-12-05T13:55:00,5.51,119.53,80.37,1021.91,0.0000,13.03,243,2.41,5.51,18.07
661,2017-12-05T14:05:00,5.47,76.02,79.72,1021.91,0.0000,14.65,244,2.25,5.47,23.21
662,2017-12-05T14:15:00,5.45,82.96,79.98,1021.79,0.0000,12.38,249,2.28,5.45,14.54
663,2017-12-05T14:25:00,5.28,72.98,80.42,1021.81,0.0000,13.07,248,2.19,5.28,20.17
664,2017-12-05T14:35:00,5.43,90.44,78.59,1021.79,0.0000,8.71,242,2.02,5.43,12.60
665,2017-12-05T14:45:00,5.38,39.51,79.02,1021.89,0.0000,12.45,237,2.03,5.38,18.08
666,2017-12-05T14:55:00,5.39,23.17,78.97,1021.87,0.0000,9.53,239,2.04,5.39,14.65
667,2017-12-05T15:05:00,5.37,45.86,78.58,1021.83,0.0000,11.20,233,1.95,5.37,16.58
668,2017-12-05T15:15:00,5.40,57.72,77.33,1021.81,0.0000,11.95,236,1.76,5.40,16.38
669,2017-12-05T15:25:00,5.39,25.51,77.44,1021.84,0.0000,11.10,246,1.76,5.39,15.33
670,2017-12-05T15:35:00,5.41,20.79,78.44,1022.01,0.0000,7.32,244,1.97,5.41,10.67
671,2017-12-05T15:45:00,5.39,26.06,79.72,1022.02,0.0000,10.60,249,2.17,5.39,13.76
672,2017-12-05T15:55:00,5.40,23.14,80.51,1021.98,0.0000,8.94,235,2.32,5.40,13.38
673,2017-12-05T16:05:00,5.31,5.98,80.70,1022.02,0.0000,8.78,227,2.27,5.31,15.17
674,2017-12-05T16:15:00,5.24,3.49,80.77,1022.11,0.0000,9.44,239,2.21,5.24,12.43
675,2017-12-05T16:25:00,5.15,4.38,80.99,1022.13,0.0000,11.98,240,2.16,5.15,15.64
676,2017-12-05T16:35:00,5.22,1.54,80.03,1022.11,0.0000,8.69,222,2.06,5.22,13.88
677,2017-12-05T16:45:00,5.23,0.41,79.94,1022.11,0.0000,9.29,225,2.06,5.23,13.23
678,2017-12-05T16:55:00,5.17,-0.13,79.85,1022.07,0.0000,8.03,223,1.98,5.17,10.75
679,2017-12-05T17:05:00,5.18,-0.34,79.65,1022.12,0.0000,10.13,229,1.95,5.18,13.42
680,2017-12-05T17:15:00,5.20,-0.39,79.57,1022.01,0.0000,10.82,224,1.96,5.20,20.76
681,2017-12-05T17:25:00,5.15,-0.40,80.03,1022.07,0.0000,11.88,227,2.00,5.15,17.75
682,2017-12-05T17:35:00,5.16,-0.36,80.38,1022.14,0.0000,11.85,233,2.07,5.16,15.62
683,2017-12-05T17:45:00,5.10,-0.34,80.89,1022.12,0.0000,9.27,234,2.09,5.10,12.50
684,2017-12-05T17:55:00,5.15,-0.41,81.46,1022.14,0.0000,11.85,233,2.24,5.15,15.23
685,2017-12-05T18:05:00,5.08,-0.39,81.63,1022.19,0.0000,10.09,239,2.20,5.08,14.34
686,2017-12-05T18:15:00,5.09,-0.41,81.62,1022.14,0.0000,9.23,229,2.21,5.09,12.04
687,2017-12-05T18:25:00,5.11,-0.38,81.72,1022.14,0.0000,8.93,236,2.25,5.11,12.20
688,2017-12-05T18:35:00,5.09,-0.41,81.90,1022.10,0.0000,9.39,236,2.26,5.09,12.81
689,2017-12-05T18:45:00,5.10,-0.40,81.79,1022.00,0.0000,6.79,240,2.25,5.10,11.10
690,2017-12-05T18:55:00,5.04,-0.41,81.54,1022.00,0.0000,8.20,231,2.14,5.04,13.03
691,2017-12-05T19:05:00,5.06,-0.44,81.13,1022.00,0.0000,7.76,230,2.09,5.06,11.45
692,2017-12-05T19:15:00,5.08,-0.41,81.32,1022.04,0.0000,9.08,243,2.15,5.08,12.31
693,2017-12-05T19:25:00,5.08,-0.40,81.53,1022.12,0.0000,7.99,240,2.18,5.08,12.18
694,2017-12-05T19:35:00,5.05,-0.44,81.63,1022.12,0.0000,9.46,233,2.17,5.05,13.16
695,2017-12-05T19:45:00,5.03,-0.41,81.66,1022.06,0.0000,6.62,228,2.16,5.03,8.63
696,2017-12-05T19:55:00,5.01,-0.38,81.59,1022.00,0.0000,7.16,237,2.12,5.01,10.34
697,2017-12-05T20:05:00,5.01,-0.41,80.88,1022.12,0.0000,6.57,241,2.00,5.01,7.64
698,2017-12-05T20:15:00,4.96,-0.39,80.60,1022.14,0.0000,6.56,240,1.90,3.50,9.86
699,2017-12-05T20:25:00,4.99,-0.40,80.90,1022.12,0.0000,6.05,217,1.98,3.69,8.88
700,2017-12-05T20:35:00,4.95,-0.43,80.18,1022.10,0.0000,8.44,218,1.83,2.97,12.95
701,2017-12-05T20:45:00,4.96,-0.39,80.38,1022.00,0.0000,7.10,227,1.87,3.34,11.29
702,2017-12-05T20:55:00,4.97,-0.41,80.30,1022.00,0.0000,5.95,235,1.87,3.71,8.60
703,2017-12-05T21:05:00,4.99,-0.40,80.63,1022.00,0.0000,6.05,256,1.94,3.70,8.65
704,2017-12-05T21:15:00,4.86,-0.39,81.32,1021.88,0.0000,7.62,242,1.93,3.07,9.36
705,2017-12-05T21:25:00,4.90,-0.41,80.98,1021.90,0.0000,7.70,245,1.91,3.10,11.42
706,2017-12-05T21:35:00,4.91,-0.40,80.82,1021.88,0.0000,7.87,257,1.89,3.06,11.26
707,2017-12-05T21:45:00,4.90,-0.42,80.19,1021.88,0.0000,7.85,245,1.78,3.06,10.88
708,2017-12-05T21:55:00,4.84,-0.39,80.21,1021.90,0.0000,8.46,242,1.72,2.82,14.06
709,2017-12-05T22:05:00,4.84,-0.39,80.47,1021.88,0.0000,8.43,243,1.77,2.84,13.55
710,2017-12-05T22:15:00,4.79,-0.42,80.45,1021.77,0.0000,9.13,239,1.72,2.61,12.41
711,2017-12-05T22:25:00,4.74,-0.43,80.15,1021.68,0.0000,8.19,244,1.62,2.79,11.50
712,2017-12-05T22:35:00,4.79,-0.40,79.85,1021.64,0.0000,7.28,249,1.61,3.08,12.19
713,2017-12-05T22:45:00,4.79,-0.42,79.28,1021.66,0.0000,6.60,252,1.51,3.28,9.41
714,2017-12-05T22:55:00,4.74,-0.43,79.44,1021.64,0.0000,8.92,239,1.49,2.59,10.37
715,2017-12-05T23:05:00,4.68,-0.42,79.53,1021.62,0.0000,8.47,246,1.45,2.64,13.44
716,2017-12-05T23:15:00,4.67,-0.42,79.30,1021.64,0.0000,7.39,244,1.40,2.92,10.59
717,2017-12-05T23:25:00,4.68,-0.41,79.12,1021.52,0.0000,10.38,239,1.37,2.19,14.51
718,2017-12-05T23:35:00,4.66,-0.45,79.47,1021.52,0.0000,10.31,238,1.41,2.18,13.68
719,2017-12-05T23:45:00,4.64,-0.42,79.54,1021.60,0.0000,9.76,239,1.41,2.28,14.72
720,2017-12-05T23:55:00,4.56,-0.42,79.95,1021.60,0.0000,8.74,253,1.40,2.43,13.64
721,2017-12-06T00:05:00,4.47,-0.42,80.48,1021.56,0.0000,11.08,238,1.40,1.79,14.20
722,2017-12-06T00:15:00,4.52,-0.44,81.13,1021.53,0.0000,11.12,232,1.57,1.85,16.35
723,2017-12-06T00:25:00,4.38,-0.44,81.65,1021.52,0.0000,10.60,241,1.52,1.78,16.15
724,2017-12-06T00:35:00,4.31,-0.45,82.02,1021.42,0.0000,9.72,235,1.52,1.90,13.00
725,2017-12-06T00:45:00,4.29,-0.42,82.91,1021.40,0.0000,9.30,239,1.65,1.98,12.13
726,2017-12-06T00:55:00,4.25,-0.42,83.69,1021.40,0.0000,10.14,238,1.74,1.73,17.87
727,2017-12-06T01:05:00,4.22,-0.41,84.13,1021.34,0.0000,9.77,236,1.78,1.77,13.38
728,2017-12-06T01:15:00,4.21,-0.45,84.56,1021.28,0.0000,9.03,233,1.84,1.94,13.11
729,2017-12-06T01:25:00,4.15,-0.44,84.86,1021.39,0.0000,9.23,231,1.84,1.83,12.79
730,2017-12-06T01:35:00,4.16,-0.45,85.42,1021.47,0.0000,9.55,236,1.93,1.75,13.31
731,2017-12-06T01:45:00,4.02,-0.48,86.02,1021.43,0.0000,11.29,230,1.89,1.21,15.24
732,2017-12-06T01:55:00,3.95,-0.45,86.59,1021.41,0.0000,8.93,238,1.92,1.66,11.44
733,2017-12-06T02:05:00,3.91,-0.43,86.64,1021.39,0.0000,8.73,236,1.89,1.66,12.53
734,2017-12-06T02:15:00,3.85,-0.43,86.43,1021.39,0.0000,9.28,226,1.79,1.45,11.75
735,2017-12-06T02:25:00,3.88,-0.46,86.42,1021.41,0.0000,9.01,218,1.83,1.56,12.10
736,2017-12-06T02:35:00,3.76,-0.46,86.85,1021.37,0.0000,10.76,221,1.77,1.00,12.84
737,2017-12-06T02:45:00,3.67,-0.45,87.07,1021.41,0.0000,10.79,215,1.72,0.90,14.30
738,2017-12-06T02:55:00,3.57,-0.48,86.99,1021.29,0.0000,10.18,225,1.61,0.90,13.95
739,2017-12-06T03:05:00,3.56,-0.46,86.88,1021.22,0.0000,10.05,221,1.58,0.93,15.13
740,2017-12-06T03:15:00,3.53,-0.48,86.74,1021.11,0.0000,12.90,221,1.53,0.31,22.13
741,2017-12-06T03:25:00,3.49,-0.44,86.64,1021.02,0.0000,9.57,227,1.48,0.96,17.81
742,2017-12-06T03:35:00,3.48,-0.45,86.43,1021.00,0.0000,9.00,220,1.44,1.09,12.30
743,2017-12-06T03:45:00,3.43,-0.49,86.44,1020.76,0.0000,9.26,219,1.38,0.96,14.00
744,2017-12-06T03:55:00,3.42,-0.51,86.70,1020.72,0.0000,7.65,212,1.41,1.37,10.74
745,2017-12-06T04:05:00,3.39,-0.45,86.93,1020.63,0.0000,8.36,222,1.43,1.15,15.80
746,2017-12-06T04:15:00,3.35,-0.50,87.11,1020.63,0.0000,10.34,218,1.41,0.61,12.91
747,2017-12-06T04:25:00,3.34,-0.48,87.21,1020.54,0.0000,11.47,220,1.42,0.36,16.44
748,2017-12-06T04:35:00,3.33,-0.45,87.13,1020.52,0.0000,8.77,219,1.40,0.97,11.88
749,2017-12-06T04:45:00,3.30,-0.46,87.17,1020.53,0.0000,9.09,221,1.37,0.85,12.29
750,2017-12-06T04:55:00,3.29,-0.46,87.04,1020.50,0.0000,9.22,226,1.35,0.81,11.62
751,2017-12-06T05:05:00,3.40,-0.49,86.84,1020.46,0.0000,10.14,229,1.42,0.72,12.92
752,2017-12-06T05:15:00,3.31,-0.48,86.94,1020.40,0.0000,10.04,226,1.34,0.63,13.91
753,2017-12-06T05:25:00,3.29,-0.46,87.37,1020.30,0.0000,11.01,233,1.40,0.39,13.29
754,2017-12-06T05:35:00,3.08,-0.44,87.58,1020.28,0.0000,9.32,238,1.22,0.52,14.76
755,2017-12-06T05:45:00,3.27,-0.48,87.62,1020.14,0.0000,9.71,230,1.41,0.65,14.45
756,2017-12-06T05:55:00,3.18,-0.45,87.27,1020.28,0.0000,9.25,233,1.28,0.67,12.94
757,2017-12-06T06:05:00,3.20,-0.49,87.17,1020.12,0.0000,9.62,234,1.28,0.60,14.18
758,2017-12-06T06:15:00,3.32,-0.45,87.22,1020.14,0.0000,10.73,232,1.40,0.48,18.13
759,2017-12-06T06:25:00,3.20,-0.44,86.77,1020.08,0.0000,12.08,236,1.21,0.06,17.00
760,2017-12-06T06:35:00,3.26,-0.45,86.74,1020.22,0.0000,8.21,254,1.27,1.03,12.22
761,2017-12-06T06:45:00,3.41,-0.46,86.44,1020.17,0.0000,9.87,250,1.37,0.79,15.44
762,2017-12-06T06:55:00,3.20,-0.49,86.55,1020.14,0.0000,11.10,239,1.18,0.27,15.31
763,2017-12-06T07:05:00,3.25,-0.48,86.70,1020.12,0.0000,12.57,247,1.25,0.03,17.50
764,2017-12-06T07:15:00,3.28,-0.48,86.26,1020.12,0.0000,6.80,257,1.20,1.47,12.08
765,2017-12-06T07:25:00,3.35,-0.46,86.24,1020.04,0.0000,8.41,250,1.27,1.08,14.18
766,2017-12-06T07:35:00,3.37,-0.44,85.79,1020.08,0.0000,7.53,262,1.22,1.36,11.74
767,2017-12-06T07:45:00,3.22,-0.40,85.93,1020.00,0.0000,8.73,261,1.10,0.85,12.88
768,2017-12-06T07:55:00,3.20,-0.02,85.88,1020.00,0.0000,6.71,261,1.07,1.41,10.31
769,2017-12-06T08:05:00,3.26,0.61,85.30,1020.08,0.0000,9.53,253,1.03,0.69,13.89
770,2017-12-06T08:15:00,3.21,1.46,85.28,1020.12,0.0000,7.52,252,0.99,1.18,10.44
771,2017-12-06T08:25:00,3.26,2.76,85.37,1020.20,0.0000,7.26,252,1.05,1.31,11.82
772,2017-12-06T08:35:00,3.26,4.64,85.51,1020.28,0.0000,8.62,240,1.06,0.92,13.12
773,2017-12-06T08:38:00,3.22,5.34,85.19,1020.30,0.0000,7.01,245,0.98,1.34,10.03
774,2017-12-06T08:55:00,3.18,10.45,85.18,1020.28,0.0000,9.07,240,0.93,0.71,11.83
775,2017-12-06T09:05:00,3.16,12.22,84.96,1020.28,0.0000,9.25,241,0.88,0.64,15.08
776,2017-12-06T09:15:00,3.25,16.63,84.94,1020.20,0.0000,9.36,234,0.96,0.72,12.25
777,2017-12-06T09:25:00,3.28,19.61,83.77,1020.12,0.0000,9.71,231,0.80,0.67,13.23
778,2017-12-06T09:35:00,3.37,21.83,83.40,1020.12,0.0000,7.97,234,0.82,1.22,13.91
779,2017-12-06T09:45:00,3.31,26.21,83.59,1020.12,0.0000,10.64,229,0.80,0.49,14.78
780,2017-12-06T09:55:00,3.42,27.63,83.48,1020.28,0.0000,8.69,230,0.89,1.09,11.86
781,2017-12-06T10:05:00,3.42,32.27,82.91,1020.33,0.0000,8.67,233,0.79,1.09,13.74
782,2017-12-06T10:15:00,3.41,38.49,82.78,1020.30,0.0000,9.75,229,0.76,0.82,13.35
783,2017-12-06T10:25:00,3.49,46.62,82.66,1020.23,0.0000,9.97,227,0.82,0.86,11.79
784,2017-12-06T10:35:00,3.54,48.02,82.23,1020.29,0.0000,9.97,224,0.80,0.92,12.60
785,2017-12-06T10:45:00,3.66,50.00,82.13,1020.29,0.0000,9.41,228,0.90,1.19,14.26
786,2017-12-06T10:55:00,3.88,52.08,81.27,1020.29,0.0000,6.09,221,0.96,2.40,8.23
787,2017-12-06T11:05:00,3.74,53.22,81.29,1020.29,0.0000,8.77,214,0.84,1.45,12.12
788,2017-12-06T11:15:00,3.70,54.78,81.12,1020.13,0.0000,9.77,209,0.77,1.16,12.86
789,2017-12-06T11:25:00,3.76,52.02,81.40,1020.05,0.0000,9.78,209,0.87,1.23,12.34
790,2017-12-06T11:35:00,3.89,55.74,80.77,1019.99,0.0000,7.53,203,0.89,1.96,12.46
791,2017-12-06T11:45:00,3.94,57.07,80.93,1020.01,0.0000,7.81,207,0.97,1.95,9.80
792,2017-12-06T11:55:00,3.84,63.55,80.67,1019.84,0.0000,8.84,218,0.83,1.56,12.58
793,2017-12-06T12:05:00,3.98,66.32,80.22,1019.78,0.0000,8.51,209,0.88,1.80,12.83
794,2017-12-06T12:15:00,3.96,70.04,79.94,1019.63,0.0000,9.60,211,0.82,1.51,14.60
795,2017-12-06T12:25:00,3.99,70.35,79.58,1019.56,0.0000,7.40,213,0.79,2.12,11.11
796,2017-12-06T12:35:00,4.08,72.14,79.78,1019.54,0.0000,6.43,221,0.91,2.52,9.56
797,2017-12-06T12:45:00,4.03,69.68,80.14,1019.43,0.0000,9.65,213,0.92,1.58,11.75
798,2017-12-06T12:55:00,4.11,65.92,79.00,1019.41,0.0000,10.28,209,0.80,1.53,19.46
799,2017-12-06T13:05:00,4.26,64.52,79.18,1019.31,0.0000,9.08,210,0.98,1.99,12.75
800,2017-12-06T13:15:00,4.17,63.38,79.23,1019.16,0.0000,8.81,206,0.90,1.95,11.79
801,2017-12-06T13:25:00,4.24,58.92,78.75,1019.04,0.0000,8.82,198,0.88,2.03,15.84
802,2017-12-06T13:35:00,4.32,58.40,78.54,1018.97,0.0000,9.20,204,0.92,2.03,11.76
803,2017-12-06T13:45:00,4.22,60.73,78.47,1018.83,0.0000,9.64,212,0.81,1.81,13.74
804,2017-12-06T13:55:00,4.34,58.41,78.59,1018.81,0.0000,9.07,212,0.96,2.09,12.48
805,2017-12-06T14:05:00,4.24,54.14,78.90,1018.73,0.0000,8.56,231,0.90,2.09,13.02
806,2017-12-06T14:15:00,4.34,51.33,79.22,1018.57,0.0000,8.81,224,1.07,2.15,13.08
807,2017-12-06T14:25:00,4.36,46.26,79.52,1018.57,0.0000,6.96,229,1.14,2.69,12.52
808,2017-12-06T14:35:00,4.37,39.88,79.25,1018.45,0.0000,6.04,234,1.10,2.98,9.94
809,2017-12-06T14:45:00,4.64,33.69,78.57,1018.43,0.0000,6.80,204,1.23,3.05,8.48
810,2017-12-06T14:55:00,4.57,29.92,78.73,1018.36,0.0000,5.50,222,1.19,3.40,7.85
811,2017-12-06T15:05:00,4.51,27.56,78.80,1018.30,0.0000,7.60,214,1.16,2.67,11.13
812,2017-12-06T15:15:00,4.54,24.59,79.07,1018.34,0.0000,5.51,222,1.23,3.37,8.21
813,2017-12-06T15:25:00,4.52,18.05,79.26,1018.34,0.0000,8.05,216,1.24,2.56,12.97
814,2017-12-06T15:35:00,4.39,13.84,79.62,1018.32,0.0000,9.65,221,1.18,2.00,14.10
815,2017-12-06T15:45:00,4.34,10.24,80.62,1018.25,0.0000,8.72,218,1.30,2.17,13.32
816,2017-12-06T15:55:00,4.40,7.68,80.52,1018.22,0.0000,7.74,217,1.35,2.50,10.38
817,2017-12-06T16:05:00,4.42,5.13,80.88,1018.20,0.0000,7.15,220,1.43,2.69,8.50
818,2017-12-06T16:15:00,4.49,3.15,80.63,1018.20,0.0000,7.00,208,1.45,2.82,12.29
819,2017-12-06T16:25:00,4.37,1.37,81.19,1018.20,0.0000,6.20,210,1.43,2.93,7.37
820,2017-12-06T16:35:00,4.41,0.43,81.26,1018.20,0.0000,6.77,220,1.48,2.79,11.14
821,2017-12-06T16:45:00,4.40,-0.06,81.46,1018.09,0.0000,4.61,223,1.51,4.40,7.00
822,2017-12-06T16:55:00,4.33,-0.30,81.83,1018.05,0.0000,6.34,216,1.51,2.84,7.61
823,2017-12-06T17:05:00,4.42,-0.40,82.01,1017.91,0.0000,6.09,218,1.62,3.02,8.42
824,2017-12-06T17:15:00,4.43,-0.43,81.88,1017.85,0.0000,5.36,212,1.61,3.30,9.40
825,2017-12-06T17:25:00,4.43,-0.41,81.99,1017.81,0.0000,5.62,217,1.63,3.20,10.14
826,2017-12-06T17:35:00,4.34,-0.43,82.28,1017.74,0.0000,6.49,215,1.59,2.80,8.99
827,2017-12-06T17:45:00,4.39,-0.44,82.50,1017.72,0.0000,5.88,215,1.68,3.06,7.65
828,2017-12-06T17:55:00,4.38,-0.43,82.58,1017.65,0.0000,5.68,216,1.68,3.13,8.51
829,2017-12-06T18:05:00,4.38,-0.41,82.47,1017.61,0.0000,6.05,218,1.66,3.00,8.93
830,2017-12-06T18:15:00,4.40,-0.41,82.69,1017.61,0.0000,5.23,206,1.72,3.31,7.13
831,2017-12-06T18:25:00,4.35,-0.42,82.94,1017.51,0.0000,5.65,208,1.71,3.10,7.70
832,2017-12-06T18:35:00,4.31,-0.41,83.00,1017.40,0.0000,5.32,212,1.68,3.18,7.86
833,2017-12-06T18:45:00,4.33,-0.45,83.05,1017.38,0.0000,5.16,212,1.71,3.26,7.34
834,2017-12-06T18:55:00,4.30,-0.44,83.34,1017.22,0.0000,6.14,218,1.73,2.88,9.87
835,2017-12-06T19:05:00,4.26,-0.42,83.49,1017.16,0.0000,5.99,215,1.71,2.87,8.67
836,2017-12-06T19:15:00,4.29,-0.43,83.43,1017.10,0.0000,6.21,211,1.73,2.84,9.53
837,2017-12-06T19:25:00,4.34,-0.46,83.45,1017.04,0.0000,5.41,213,1.79,3.18,7.06
838,2017-12-06T19:35:00,4.30,-0.43,83.41,1016.95,0.0000,5.44,206,1.74,3.12,8.71
839,2017-12-06T19:45:00,4.33,-0.42,83.60,1016.87,0.0000,4.95,223,1.80,4.33,9.20
840,2017-12-06T19:55:00,4.25,-0.44,83.61,1016.76,0.0000,5.82,218,1.73,2.93,9.71
841,2017-12-06T20:00:00,4.29,-0.40,84.02,1016.78,0.0000,5.61,216,1.83,3.04,7.79
842,2017-12-06T20:15:00,4.27,-0.42,83.99,1016.74,0.0000,4.58,228,1.81,4.27,5.70
843,2017-12-06T20:25:00,4.30,-0.48,84.00,1016.72,0.0000,5.34,218,1.84,3.16,6.50
844,2017-12-06T20:35:00,4.31,-0.45,84.25,1016.65,0.0000,4.87,225,1.89,4.31,7.98
845,2017-12-06T20:45:00,4.27,-0.44,84.33,1016.57,0.0000,4.37,225,1.87,4.27,7.81
846,2017-12-06T20:55:00,4.26,-0.42,84.51,1016.51,0.0000,3.55,227,1.88,4.26,5.25
847,2017-12-06T21:05:00,4.34,-0.43,84.67,1016.51,0.0000,2.95,240,1.99,4.34,3.87
848,2017-12-06T21:15:00,4.31,-0.46,85.02,1016.46,0.0000,3.43,222,2.02,4.31,5.64
849,2017-12-06T21:25:00,4.27,-0.44,85.01,1016.40,0.0000,3.94,238,1.98,4.27,6.57
850,2017-12-06T21:35:00,4.24,-0.43,85.24,1016.37,0.0000,3.46,236,1.99,4.24,5.08
851,2017-12-06T21:45:00,4.24,-0.42,85.42,1016.23,0.0000,3.76,219,2.01,4.24,5.05
852,2017-12-06T21:55:00,4.22,-0.38,85.67,1016.12,0.0000,5.08,217,2.04,3.17,8.12
853,2017-12-06T22:05:00,4.12,-0.40,85.89,1016.04,0.0000,4.47,224,1.97,4.12,7.31
854,2017-12-06T22:15:00,4.06,-0.41,86.19,1016.00,0.0000,6.16,228,1.96,2.59,8.41
855,2017-12-06T22:25:00,4.01,-0.42,86.26,1015.88,0.0000,5.29,230,1.92,2.84,9.01
856,2017-12-06T22:35:00,3.95,-0.44,86.33,1015.71,0.0000,6.46,235,1.88,2.37,8.40
857,2017-12-06T22:45:00,3.86,-0.40,86.25,1015.58,0.0000,7.22,222,1.77,2.02,11.23
858,2017-12-06T22:55:00,3.72,-0.42,86.15,1015.42,0.0000,5.52,219,1.63,2.43,7.96
859,2017-12-06T23:05:00,3.57,-0.31,86.28,1015.32,0.0000,4.98,214,1.49,3.57,7.30
860,2017-12-06T23:15:00,3.39,-0.26,86.82,1015.24,0.0000,5.88,222,1.40,1.91,9.63
861,2017-12-06T23:25:00,3.20,-0.23,87.42,1015.12,0.0000,4.88,231,1.32,3.20,7.04
862,2017-12-06T23:35:00,3.01,-0.26,87.87,1015.12,0.0000,5.33,222,1.20,1.69,7.32
863,2017-12-06T23:45:00,2.67,-0.29,87.15,1015.00,0.0000,7.18,224,0.76,0.65,13.23
864,2017-12-06T23:55:00,2.42,-0.30,87.04,1014.88,0.0000,8.78,219,0.49,-0.11,13.01
865,2017-12-07T00:00:00,2.24,-0.30,87.12,1014.81,0.0000,7.16,223,0.32,0.15,11.15
866,2017-12-07T00:55:00,1.12,-0.32,89.57,1014.04,0.0000,7.32,222,-0.40,-1.21,9.77
867,2017-12-07T01:05:00,2.23,-0.38,89.81,1013.77,0.0000,5.78,222,0.74,0.63,8.22
868,2017-12-07T02:05:00,0.54,-0.49,93.09,1013.20,0.0000,5.95,216,-0.45,-1.38,8.70
869,2017-12-07T02:15:00,1.72,-0.51,93.31,1013.14,0.0000,7.34,206,0.75,-0.52,10.04
870,2017-12-07T02:25:00,0.82,-0.50,93.43,1013.14,0.0000,7.19,194,-0.11,-1.51,10.38
871,2017-12-07T02:35:00,0.65,-0.48,93.48,1013.02,0.0000,7.19,204,-0.27,-1.71,10.40
872,2017-12-07T02:45:00,0.68,-0.48,93.24,1012.91,0.0000,8.77,203,-0.28,-2.17,12.60
873,2017-12-07T02:55:00,0.72,-0.49,92.85,1012.76,0.0000,8.18,204,-0.30,-1.95,12.13
874,2017-12-07T03:05:00,1.05,-0.46,92.42,1012.68,0.0000,10.54,194,-0.04,-2.19,13.22
875,2017-12-07T03:15:00,1.03,-0.45,91.58,1012.47,0.0000,9.61,182,-0.19,-1.99,12.91
876,2017-12-07T03:25:00,1.15,-0.45,91.16,1012.26,0.0000,8.30,181,-0.13,-1.48,10.89
877,2017-12-07T03:35:00,1.14,-0.49,90.99,1012.19,0.0000,9.23,178,-0.17,-1.76,11.41
878,2017-12-07T03:45:00,1.23,-0.50,91.13,1012.05,0.0000,6.73,199,-0.06,-0.88,13.85
879,2017-12-07T03:55:00,1.17,-0.45,90.67,1011.95,0.0000,7.48,194,-0.18,-1.20,9.89
880,2017-12-07T04:05:00,1.17,-0.48,90.08,1011.91,0.0000,6.67,211,-0.27,-0.93,9.04
881,2017-12-07T04:15:00,1.07,-0.48,89.86,1011.83,0.0000,9.96,195,-0.40,-2.02,12.96
882,2017-12-07T04:25:00,0.91,-0.49,89.93,1011.78,0.0000,10.33,192,-0.56,-2.32,13.87
883,2017-12-07T04:35:00,0.96,-0.45,89.91,1011.78,0.0000,7.93,203,-0.51,-1.59,9.36
884,2017-12-07T04:45:00,1.07,-0.49,90.14,1011.75,0.0000,6.31,219,-0.37,-0.92,8.51
885,2017-12-07T04:55:00,0.87,-0.53,90.09,1011.65,0.0000,9.11,245,-0.57,-2.04,13.29
886,2017-12-07T05:05:00,0.94,-0.51,89.87,1011.55,0.0000,7.55,225,-0.53,-1.49,10.44
887,2017-12-07T05:15:00,0.86,-0.49,89.98,1011.53,0.0000,8.93,218,-0.59,-2.00,16.37
888,2017-12-07T05:25:00,0.87,-0.50,90.47,1011.49,0.0000,10.73,226,-0.52,-2.46,12.79
889,2017-12-07T05:35:00,0.81,-0.51,90.38,1011.41,0.0000,9.46,224,-0.58,-2.20,13.85
890,2017-12-07T05:45:00,0.86,-0.49,90.12,1011.26,0.0000,9.40,225,-0.58,-2.14,13.64
891,2017-12-07T05:55:00,0.74,-0.54,90.48,1011.16,0.0000,9.14,227,-0.63,-2.20,14.68
892,2017-12-07T06:05:00,0.70,-0.52,90.36,1011.03,0.0000,8.71,219,-0.70,-2.13,11.67
893,2017-12-07T06:15:00,0.81,-0.50,89.91,1010.97,0.0000,10.24,235,-0.65,-2.40,17.11
894,2017-12-07T06:25:00,1.11,-0.51,88.83,1010.93,0.0000,12.02,232,-0.52,-2.46,19.00
895,2017-12-07T06:35:00,0.80,-0.54,88.55,1010.89,0.0000,12.15,236,-0.87,-2.86,16.39
896,2017-12-07T06:45:00,0.81,-0.55,88.15,1010.74,0.0000,10.97,239,-0.92,-2.58,17.99
897,2017-12-07T06:55:00,0.63,-0.53,88.25,1010.78,0.0000,10.96,234,-1.09,-2.80,14.81
898,2017-12-07T07:05:00,0.67,-0.52,87.91,1010.80,0.0000,10.03,236,-1.10,-2.53,12.99
899,2017-12-07T07:15:00,1.20,-0.51,87.82,1010.66,0.0000,11.54,233,-0.59,-2.24,17.41
900,2017-12-07T07:25:00,0.51,-0.45,87.74,1010.72,0.0000,11.41,235,-1.29,-3.05,13.96
901,2017-12-07T07:35:00,-0.41,-0.48,87.61,1010.64,0.0000,9.30,243,-2.22,-3.62,15.51
902,2017-12-07T07:45:00,0.38,-0.09,88.15,1010.74,0.0000,10.67,244,-1.35,-3.04,14.68
903,2017-12-07T07:55:00,0.26,1.24,88.03,1010.55,0.0000,11.17,220,-1.49,-3.30,16.64
904,2017-12-07T08:05:00,0.77,2.72,87.94,1010.50,0.0000,9.65,200,-1.00,-2.30,15.21
905,2017-12-07T08:15:00,0.79,5.25,87.85,1010.46,0.0000,11.45,208,-0.99,-2.72,17.10
906,2017-12-07T08:25:00,0.57,8.06,88.00,1010.54,0.0000,9.96,207,-1.18,-2.62,17.01
907,2017-12-07T08:35:00,0.10,14.18,88.10,1010.47,0.0000,8.93,218,-1.63,-2.90,13.44
908,2017-12-07T08:38:00,0.48,16.62,87.88,1010.45,0.0000,8.63,216,-1.29,-2.36,12.24
909,2017-12-07T08:55:00,0.32,27.24,87.76,1010.52,0.0000,8.34,217,-1.47,-2.47,11.68
910,2017-12-07T09:05:00,0.43,39.05,88.18,1010.37,0.0000,8.32,203,-1.30,-2.33,13.29
911,2017-12-07T09:15:00,0.38,49.26,88.06,1010.34,0.0000,9.37,203,-1.36,-2.69,14.17
912,2017-12-07T09:25:00,0.53,64.39,88.06,1010.24,0.0000,5.69,205,-1.22,-1.29,8.60
913,2017-12-07T09:35:00,0.74,108.97,87.61,1010.11,0.0000,9.96,198,-1.08,-2.43,15.89
914,2017-12-07T09:45:00,0.88,122.57,86.24,1010.03,0.0000,7.22,204,-1.15,-1.45,11.06
915,2017-12-07T09:50:00,0.82,96.08,85.82,1010.05,0.0000,9.96,197,-1.28,-2.32,15.04
916,2017-12-07T10:05:00,1.14,146.83,84.90,1009.99,0.0000,7.50,208,-1.12,-1.25,12.87
917,2017-12-07T10:15:00,1.30,190.84,84.86,1009.89,0.0000,7.63,204,-0.96,-1.09,10.62
918,2017-12-07T10:25:00,1.80,197.44,84.22,1009.82,0.0000,8.29,194,-0.58,-0.71,11.90
919,2017-12-07T10:35:00,1.77,210.40,82.61,1009.65,0.0000,9.57,193,-0.87,-1.10,14.90
920,2017-12-07T10:45:00,2.36,229.17,80.79,1009.54,0.0000,6.25,208,-0.60,0.60,9.42
921,2017-12-07T10:55:00,2.62,233.32,79.01,1009.40,0.0000,6.88,219,-0.65,0.68,10.20
922,2017-12-07T11:05:00,3.19,245.50,77.14,1009.29,0.0000,6.43,211,-0.42,1.50,9.02
923,2017-12-07T11:15:00,3.35,259.25,76.65,1009.12,0.0000,6.44,214,-0.35,1.68,9.56
924,2017-12-07T11:25:00,4.16,269.04,74.77,1009.06,0.0000,4.05,218,0.09,4.16,5.32
925,2017-12-07T11:35:00,4.18,283.81,74.69,1008.80,0.0000,8.01,230,0.09,2.17,12.19
926,2017-12-07T11:45:00,4.80,277.70,72.88,1008.65,0.0000,5.37,182,0.35,3.71,8.70
927,2017-12-07T11:55:00,4.55,293.93,73.14,1008.34,0.0000,7.93,236,0.16,2.63,10.05
928,2017-12-07T12:05:00,5.28,299.49,71.56,1008.13,0.0000,6.89,236,0.56,5.28,9.71
929,2017-12-07T12:15:00,5.55,301.44,69.64,1008.01,0.0000,9.89,231,0.45,5.55,13.24
930,2017-12-07T12:25:00,6.04,303.19,68.54,1007.82,0.0000,8.12,228,0.70,6.04,10.90
931,2017-12-07T12:35:00,6.27,303.42,67.76,1007.62,0.0000,10.10,229,0.76,6.27,14.78
932,2017-12-07T12:45:00,6.74,305.86,65.92,1007.32,0.0000,9.85,235,0.83,6.74,16.15
933,2017-12-07T12:55:00,7.01,303.55,64.91,1007.07,0.0000,7.63,239,0.87,7.01,10.85
934,2017-12-07T13:05:00,6.95,297.34,64.66,1006.79,0.0000,11.21,226,0.75,6.95,16.07
935,2017-12-07T13:15:00,7.63,292.53,62.19,1006.64,0.0000,8.93,228,0.86,7.63,12.87
936,2017-12-07T13:25:00,7.72,286.24,61.18,1006.56,0.0000,10.84,243,0.72,7.72,17.12
937,2017-12-07T13:35:00,7.89,277.16,60.44,1006.33,0.0000,8.70,249,0.71,7.89,13.22
938,2017-12-07T13:45:00,7.54,269.21,61.50,1006.15,0.0000,13.76,246,0.62,7.54,20.01
939,2017-12-07T13:55:00,7.90,257.37,60.42,1005.98,0.0000,10.56,240,0.71,7.90,19.14
940,2017-12-07T14:05:00,7.59,246.05,61.53,1005.76,0.0000,14.57,244,0.68,7.59,17.13
941,2017-12-07T14:15:00,7.76,233.45,61.38,1005.49,0.0000,11.57,244,0.80,7.76,17.18
942,2017-12-07T14:25:00,7.99,219.02,60.94,1005.36,0.0000,8.48,243,0.92,7.99,13.67
943,2017-12-07T14:35:00,8.00,203.76,60.72,1005.24,0.0000,10.99,233,0.88,8.00,16.25
944,2017-12-07T14:45:00,7.98,187.64,60.43,1005.02,0.0000,10.43,238,0.79,7.98,15.30
945,2017-12-07T14:55:00,8.14,171.54,60.27,1004.88,0.0000,9.34,225,0.91,8.14,11.47
946,2017-12-07T15:05:00,8.15,155.07,59.80,1004.63,0.0000,9.38,236,0.81,8.15,14.73
947,2017-12-07T15:15:00,8.17,135.19,59.97,1004.46,0.0000,9.09,239,0.87,8.17,12.83
948,2017-12-07T15:25:00,8.23,116.83,59.30,1004.36,0.0000,9.71,236,0.77,8.23,15.76
949,2017-12-07T15:35:00,8.18,96.29,58.96,1004.11,0.0000,8.68,242,0.64,8.18,13.37
950,2017-12-07T15:45:00,8.11,77.07,58.90,1003.99,0.0000,8.63,237,0.57,8.11,12.34
951,2017-12-07T15:55:00,8.00,58.11,59.18,1003.88,0.0000,11.14,230,0.52,8.00,16.40
952,2017-12-07T16:05:00,7.94,40.58,59.20,1003.62,0.0000,9.32,220,0.47,7.94,12.83
953,2017-12-07T16:15:00,7.72,11.20,60.12,1003.47,0.0000,8.14,217,0.48,7.72,11.87
954,2017-12-07T16:25:00,7.41,5.89,61.00,1003.33,0.0000,9.46,221,0.39,7.41,11.88
955,2017-12-07T16:35:00,7.31,2.85,61.71,1003.22,0.0000,7.47,223,0.45,7.31,11.38
956,2017-12-07T16:45:00,7.11,0.75,62.07,1003.09,0.0000,8.12,226,0.34,7.11,13.74
957,2017-12-07T16:55:00,6.95,0.08,62.33,1003.22,0.0000,8.43,233,0.25,6.95,10.83
958,2017-12-07T17:05:00,6.88,-0.19,62.90,1002.97,0.0000,7.96,227,0.30,6.88,12.18
959,2017-12-07T17:15:00,6.78,-0.13,62.78,1002.73,0.0000,8.40,220,0.18,6.78,12.69
960,2017-12-07T17:25:00,6.90,-0.14,62.39,1002.60,0.0000,8.77,215,0.21,6.90,13.08
961,2017-12-07T17:35:00,6.97,-0.20,62.06,1002.40,0.0000,9.32,214,0.21,6.97,13.13
962,2017-12-07T17:45:00,6.78,-0.19,62.35,1002.38,0.0000,9.34,218,0.09,6.78,12.99
963,2017-12-07T17:55:00,6.77,-0.18,62.55,1002.34,0.0000,8.65,214,0.13,6.77,12.39
964,2017-12-07T18:05:00,6.69,-0.22,62.89,1001.99,0.0000,8.59,209,0.13,6.69,15.41
965,2017-12-07T18:15:00,6.68,-0.39,62.86,1001.88,0.0000,8.22,216,0.11,6.68,11.00
966,2017-12-07T18:25:00,6.80,-0.30,62.27,1001.49,0.0000,8.02,215,0.09,6.80,10.50
967,2017-12-07T18:35:00,6.90,-0.31,61.56,1001.37,0.0000,8.18,228,0.03,6.90,12.22
968,2017-12-07T18:45:00,7.34,-0.23,59.48,1001.25,0.0000,11.66,229,-0.03,7.34,15.95
969,2017-12-07T18:55:00,7.39,-0.22,59.22,1001.01,0.0000,10.96,231,-0.04,7.39,16.63
970,2017-12-07T19:05:00,7.66,-0.28,58.75,1000.78,0.0000,11.83,236,0.10,7.66,15.98
971,2017-12-07T19:15:00,7.62,-0.38,58.38,1000.75,0.0000,10.40,235,-0.02,7.62,15.64
972,2017-12-07T19:25:00,7.90,-0.24,57.10,1000.50,0.0000,12.85,225,-0.06,7.90,20.70
973,2017-12-07T19:35:00,8.20,-0.31,56.11,1000.13,0.0000,12.57,228,-0.03,8.20,18.24
974,2017-12-07T19:45:00,8.57,-0.34,55.07,999.89,0.0000,16.85,227,0.07,8.57,21.90
975,2017-12-07T19:55:00,8.70,-0.33,54.93,999.60,0.0000,18.53,226,0.15,8.70,23.32
976,2017-12-07T20:05:00,8.74,-0.39,55.43,999.40,0.0000,14.60,228,0.31,8.74,21.85
977,2017-12-07T20:15:00,8.79,-0.33,55.65,998.97,0.0000,14.38,221,0.42,8.79,21.02
978,2017-12-07T20:25:00,8.93,-0.32,55.60,998.77,0.0000,17.08,220,0.53,8.93,23.07
979,2017-12-07T20:35:00,8.94,-0.34,55.69,998.57,0.0000,17.09,225,0.56,8.94,23.56
980,2017-12-07T20:45:00,9.06,-0.35,55.37,998.34,0.0000,17.54,219,0.60,9.06,23.12
981,2017-12-07T20:55:00,9.10,-0.22,55.41,998.10,0.0000,13.25,228,0.65,9.10,19.12
982,2017-12-07T21:05:00,8.91,-0.22,56.45,998.00,0.0000,12.91,230,0.73,8.91,17.46
983,2017-12-07T21:15:00,8.78,-0.30,57.32,997.78,0.0000,11.47,232,0.82,8.78,16.03
984,2017-12-07T21:25:00,8.88,-0.30,56.76,997.59,0.0000,16.44,230,0.77,8.88,21.00
985,2017-12-07T21:35:00,9.20,-0.29,55.26,997.36,0.0000,14.06,226,0.70,9.20,24.25
986,2017-12-07T21:45:00,9.40,-0.44,55.60,997.44,0.0000,14.86,234,0.97,9.40,17.72
987,2017-12-07T21:55:00,9.26,-0.35,57.32,997.34,0.0000,16.54,233,1.26,9.26,22.71
988,2017-12-07T22:05:00,9.15,-0.46,59.36,997.14,0.0000,13.47,234,1.65,9.15,24.07
989,2017-12-07T22:15:00,9.17,-0.34,60.09,997.12,0.0000,15.56,233,1.83,9.17,22.04
990,2017-12-07T22:25:00,9.04,-0.52,62.09,997.16,0.0750,18.30,229,2.17,9.04,23.16
991,2017-12-07T22:35:00,8.66,-0.51,66.71,997.00,0.1400,16.26,236,2.82,8.66,19.42
992,2017-12-07T22:45:00,8.44,-0.48,68.58,997.11,0.1000,16.90,239,3.00,8.44,20.60
993,2017-12-07T22:55:00,8.17,-0.45,70.03,997.07,0.2500,17.62,235,3.04,8.17,22.44
994,2017-12-07T23:05:00,7.85,-0.46,72.48,996.99,0.1900,18.48,233,3.22,7.85,25.73
995,2017-12-07T23:15:00,7.71,-0.44,74.28,996.99,0.1850,15.36,231,3.42,7.71,18.52
996,2017-12-07T23:25:00,7.46,-0.43,75.33,996.96,0.1900,17.82,230,3.39,7.46,23.07
997,2017-12-07T23:35:00,7.20,-0.49,77.99,996.81,0.2050,16.67,231,3.63,7.20,22.64
998,2017-12-07T23:45:00,7.04,-0.45,79.92,996.70,0.1050,14.00,232,3.81,7.04,20.90
999,2017-12-07T23:55:00,7.14,-0.41,79.36,996.70,0.0450,16.20,244,3.81,7.14,20.02
1000,2017-12-08T00:05:00,7.10,-0.44,79.88,996.72,0.0250,15.33,238,3.87,7.10,23.88
